"filename", "language", "JSON", "JSON with Comments", "JavaScript", "Markdown", "TypeScript", "Ini", "Python", "HTML", "PostCSS", "Svelte", "Ignore", "pip requirements", "comment", "blank", "total"
"/Users/rob/vsCodeProjects/ProjectZer0/ProjectZer0AI/README.md", "Markdown", 0, 0, 0, 97, 0, 0, 0, 0, 0, 0, 0, 0, 0, 37, 134
"/Users/rob/vsCodeProjects/ProjectZer0/ProjectZer0AI/app/__init__.py", "Python", 0, 0, 0, 0, 0, 0, 13, 0, 0, 0, 0, 0, 2, 4, 19
"/Users/rob/vsCodeProjects/ProjectZer0/ProjectZer0AI/app/config.py", "Python", 0, 0, 0, 0, 0, 0, 11, 0, 0, 0, 0, 0, 6, 7, 24
"/Users/rob/vsCodeProjects/ProjectZer0/ProjectZer0AI/app/dependencies.py", "Python", 0, 0, 0, 0, 0, 0, 0, 0, 0, 0, 0, 0, 0, 1, 1
"/Users/rob/vsCodeProjects/ProjectZer0/ProjectZer0AI/app/models.py", "Python", 0, 0, 0, 0, 0, 0, 17, 0, 0, 0, 0, 0, 0, 10, 27
"/Users/rob/vsCodeProjects/ProjectZer0/ProjectZer0AI/app/routes.py", "Python", 0, 0, 0, 0, 0, 0, 85, 0, 0, 0, 0, 0, 3, 26, 114
"/Users/rob/vsCodeProjects/ProjectZer0/ProjectZer0AI/conftest.py", "Python", 0, 0, 0, 0, 0, 0, 3, 0, 0, 0, 0, 0, 2, 1, 6
"/Users/rob/vsCodeProjects/ProjectZer0/ProjectZer0AI/main.py", "Python", 0, 0, 0, 0, 0, 0, 29, 0, 0, 0, 0, 0, 2, 11, 42
"/Users/rob/vsCodeProjects/ProjectZer0/ProjectZer0AI/pytest.ini", "Ini", 0, 0, 0, 0, 0, 2, 0, 0, 0, 0, 0, 0, 0, 0, 2
"/Users/rob/vsCodeProjects/ProjectZer0/ProjectZer0AI/requirements.txt", "pip requirements", 0, 0, 0, 0, 0, 0, 0, 0, 0, 0, 0, 69, 0, 1, 70
"/Users/rob/vsCodeProjects/ProjectZer0/ProjectZer0AI/tests/test_main.py", "Python", 0, 0, 0, 0, 0, 0, 86, 0, 0, 0, 0, 0, 0, 20, 106
"/Users/rob/vsCodeProjects/ProjectZer0/ProjectZer0Backend/.eslintrc.js", "JavaScript", 0, 0, 25, 0, 0, 0, 0, 0, 0, 0, 0, 0, 0, 1, 26
"/Users/rob/vsCodeProjects/ProjectZer0/ProjectZer0Backend/.prettierrc", "JSON", 4, 0, 0, 0, 0, 0, 0, 0, 0, 0, 0, 0, 0, 0, 4
"/Users/rob/vsCodeProjects/ProjectZer0/ProjectZer0Backend/nest-cli.json", "JSON", 8, 0, 0, 0, 0, 0, 0, 0, 0, 0, 0, 0, 0, 1, 9
"/Users/rob/vsCodeProjects/ProjectZer0/ProjectZer0Backend/package-lock.json", "JSON", 10440, 0, 0, 0, 0, 0, 0, 0, 0, 0, 0, 0, 0, 1, 10441
"/Users/rob/vsCodeProjects/ProjectZer0/ProjectZer0Backend/package.json", "JSON", 90, 0, 0, 0, 0, 0, 0, 0, 0, 0, 0, 0, 0, 1, 91
"/Users/rob/vsCodeProjects/ProjectZer0/ProjectZer0Backend/src/all-exceptions.filter.ts", "TypeScript", 0, 0, 0, 0, 37, 0, 0, 0, 0, 0, 0, 0, 1, 8, 46
"/Users/rob/vsCodeProjects/ProjectZer0/ProjectZer0Backend/src/app.controller.spec.ts", "TypeScript", 0, 0, 0, 0, 14, 0, 0, 0, 0, 0, 0, 0, 0, 5, 19
"/Users/rob/vsCodeProjects/ProjectZer0/ProjectZer0Backend/src/app.controller.ts", "TypeScript", 0, 0, 0, 0, 3, 0, 0, 0, 0, 0, 0, 0, 0, 2, 5
"/Users/rob/vsCodeProjects/ProjectZer0/ProjectZer0Backend/src/app.module.ts", "TypeScript", 0, 0, 0, 0, 35, 0, 0, 0, 0, 0, 0, 0, 1, 2, 38
"/Users/rob/vsCodeProjects/ProjectZer0/ProjectZer0Backend/src/app.service.ts", "TypeScript", 0, 0, 0, 0, 7, 0, 0, 0, 0, 0, 0, 0, 0, 2, 9
"/Users/rob/vsCodeProjects/ProjectZer0/ProjectZer0Backend/src/auth/auth.controller.spec.ts", "TypeScript", 0, 0, 0, 0, 234, 0, 0, 0, 0, 0, 0, 0, 10, 46, 290
"/Users/rob/vsCodeProjects/ProjectZer0/ProjectZer0Backend/src/auth/auth.controller.ts", "TypeScript", 0, 0, 0, 0, 191, 0, 0, 0, 0, 0, 0, 0, 17, 31, 239
"/Users/rob/vsCodeProjects/ProjectZer0/ProjectZer0Backend/src/auth/auth.module.ts", "TypeScript", 0, 0, 0, 0, 38, 0, 0, 0, 0, 0, 0, 0, 0, 3, 41
"/Users/rob/vsCodeProjects/ProjectZer0/ProjectZer0Backend/src/auth/auth0.config.spec.ts", "TypeScript", 0, 0, 0, 0, 23, 0, 0, 0, 0, 0, 0, 0, 1, 6, 30
"/Users/rob/vsCodeProjects/ProjectZer0/ProjectZer0Backend/src/auth/auth0.config.ts", "TypeScript", 0, 0, 0, 0, 8, 0, 0, 0, 0, 0, 0, 0, 0, 2, 10
"/Users/rob/vsCodeProjects/ProjectZer0/ProjectZer0Backend/src/auth/auth0.strategy.spec.ts", "TypeScript", 0, 0, 0, 0, 64, 0, 0, 0, 0, 0, 0, 0, 3, 11, 78
"/Users/rob/vsCodeProjects/ProjectZer0/ProjectZer0Backend/src/auth/auth0.strategy.ts", "TypeScript", 0, 0, 0, 0, 106, 0, 0, 0, 0, 0, 0, 0, 7, 12, 125
"/Users/rob/vsCodeProjects/ProjectZer0/ProjectZer0Backend/src/auth/jwt-auth.guard.spec.ts", "TypeScript", 0, 0, 0, 0, 48, 0, 0, 0, 0, 0, 0, 0, 7, 16, 71
"/Users/rob/vsCodeProjects/ProjectZer0/ProjectZer0Backend/src/auth/jwt-auth.guard.ts", "TypeScript", 0, 0, 0, 0, 20, 0, 0, 0, 0, 0, 0, 0, 2, 3, 25
"/Users/rob/vsCodeProjects/ProjectZer0/ProjectZer0Backend/src/auth/jwt.strategy.spec.ts", "TypeScript", 0, 0, 0, 0, 53, 0, 0, 0, 0, 0, 0, 0, 4, 12, 69
"/Users/rob/vsCodeProjects/ProjectZer0/ProjectZer0Backend/src/auth/jwt.strategy.ts", "TypeScript", 0, 0, 0, 0, 33, 0, 0, 0, 0, 0, 0, 0, 0, 5, 38
"/Users/rob/vsCodeProjects/ProjectZer0/ProjectZer0Backend/src/config/voting.config.ts", "TypeScript", 0, 0, 0, 0, 38, 0, 0, 0, 0, 0, 0, 0, 3, 9, 50
"/Users/rob/vsCodeProjects/ProjectZer0/ProjectZer0Backend/src/constants/validation.ts", "TypeScript", 0, 0, 0, 0, 9, 0, 0, 0, 0, 0, 0, 0, 1, 1, 11
"/Users/rob/vsCodeProjects/ProjectZer0/ProjectZer0Backend/src/debug/debug.controller.ts", "TypeScript", 0, 0, 0, 0, 54, 0, 0, 0, 0, 0, 0, 0, 2, 8, 64
"/Users/rob/vsCodeProjects/ProjectZer0/ProjectZer0Backend/src/debug/debug.module.ts", "TypeScript", 0, 0, 0, 0, 8, 0, 0, 0, 0, 0, 0, 0, 1, 3, 12
"/Users/rob/vsCodeProjects/ProjectZer0/ProjectZer0Backend/src/dictionary/dictionary.module.ts", "TypeScript", 0, 0, 0, 0, 7, 0, 0, 0, 0, 0, 0, 0, 0, 2, 9
"/Users/rob/vsCodeProjects/ProjectZer0/ProjectZer0Backend/src/dictionary/dictionary.service.ts", "TypeScript", 0, 0, 0, 0, 41, 0, 0, 0, 0, 0, 0, 0, 0, 3, 44
"/Users/rob/vsCodeProjects/ProjectZer0/ProjectZer0Backend/src/main.ts", "TypeScript", 0, 0, 0, 0, 120, 0, 0, 0, 0, 0, 0, 0, 14, 22, 156
"/Users/rob/vsCodeProjects/ProjectZer0/ProjectZer0Backend/src/neo4j/neo4j-exception.filter.ts", "TypeScript", 0, 0, 0, 0, 67, 0, 0, 0, 0, 0, 0, 0, 14, 8, 89
"/Users/rob/vsCodeProjects/ProjectZer0/ProjectZer0Backend/src/neo4j/neo4j-init.service.ts", "TypeScript", 0, 0, 0, 0, 49, 0, 0, 0, 0, 0, 0, 0, 12, 18, 79
"/Users/rob/vsCodeProjects/ProjectZer0/ProjectZer0Backend/src/neo4j/neo4j.constants.ts", "TypeScript", 0, 0, 0, 0, 2, 0, 0, 0, 0, 0, 0, 0, 0, 1, 3
"/Users/rob/vsCodeProjects/ProjectZer0/ProjectZer0Backend/src/neo4j/neo4j.module.ts", "TypeScript", 0, 0, 0, 0, 43, 0, 0, 0, 0, 0, 0, 0, 0, 3, 46
"/Users/rob/vsCodeProjects/ProjectZer0/ProjectZer0Backend/src/neo4j/neo4j.service.spec.ts", "TypeScript", 0, 0, 0, 0, 95, 0, 0, 0, 0, 0, 0, 0, 0, 20, 115
"/Users/rob/vsCodeProjects/ProjectZer0/ProjectZer0Backend/src/neo4j/neo4j.service.ts", "TypeScript", 0, 0, 0, 0, 93, 0, 0, 0, 0, 0, 0, 0, 20, 12, 125
"/Users/rob/vsCodeProjects/ProjectZer0/ProjectZer0Backend/src/neo4j/neo4j.utils.ts", "TypeScript", 0, 0, 0, 0, 38, 0, 0, 0, 0, 0, 0, 0, 0, 6, 44
"/Users/rob/vsCodeProjects/ProjectZer0/ProjectZer0Backend/src/neo4j/schemas/__tests__/answer.schema.spec.ts", "TypeScript", 0, 0, 0, 0, 1295, 0, 0, 0, 0, 0, 0, 0, 31, 236, 1562
"/Users/rob/vsCodeProjects/ProjectZer0/ProjectZer0Backend/src/neo4j/schemas/__tests__/base-node.schema.spec.ts", "TypeScript", 0, 0, 0, 0, 661, 0, 0, 0, 0, 0, 0, 0, 2, 7, 670
"/Users/rob/vsCodeProjects/ProjectZer0/ProjectZer0Backend/src/neo4j/schemas/__tests__/categorized.schema.spec.ts", "TypeScript", 0, 0, 0, 0, 671, 0, 0, 0, 0, 0, 0, 0, 13, 121, 805
"/Users/rob/vsCodeProjects/ProjectZer0/ProjectZer0Backend/src/neo4j/schemas/__tests__/category.schema.spec.ts", "TypeScript", 0, 0, 0, 0, 648, 0, 0, 0, 0, 0, 0, 0, 9, 108, 765
"/Users/rob/vsCodeProjects/ProjectZer0/ProjectZer0Backend/src/neo4j/schemas/__tests__/comment.schema.spec.ts", "TypeScript", 0, 0, 0, 0, 1026, 0, 0, 0, 0, 0, 0, 0, 16, 189, 1231
"/Users/rob/vsCodeProjects/ProjectZer0/ProjectZer0Backend/src/neo4j/schemas/__tests__/definition.schema.spec.ts", "TypeScript", 0, 0, 0, 0, 1105, 0, 0, 0, 0, 0, 0, 0, 15, 212, 1332
"/Users/rob/vsCodeProjects/ProjectZer0/ProjectZer0Backend/src/neo4j/schemas/__tests__/discussion.schema.spec.ts", "TypeScript", 0, 0, 0, 0, 480, 0, 0, 0, 0, 0, 0, 0, 51, 82, 613
"/Users/rob/vsCodeProjects/ProjectZer0/ProjectZer0Backend/src/neo4j/schemas/__tests__/evidence.schema.spec.ts", "TypeScript", 0, 0, 0, 0, 1218, 0, 0, 0, 0, 0, 0, 0, 8, 224, 1450
"/Users/rob/vsCodeProjects/ProjectZer0/ProjectZer0Backend/src/neo4j/schemas/__tests__/interaction.schema.spec.ts", "TypeScript", 0, 0, 0, 0, 243, 0, 0, 0, 0, 0, 0, 0, 12, 58, 313
"/Users/rob/vsCodeProjects/ProjectZer0/ProjectZer0Backend/src/neo4j/schemas/__tests__/openquestion.schema.spec.ts", "TypeScript", 0, 0, 0, 0, 1227, 0, 0, 0, 0, 0, 0, 0, 16, 236, 1479
"/Users/rob/vsCodeProjects/ProjectZer0/ProjectZer0Backend/src/neo4j/schemas/__tests__/quantity.schema.spec.ts", "TypeScript", 0, 0, 0, 0, 1038, 0, 0, 0, 0, 0, 0, 0, 11, 206, 1255
"/Users/rob/vsCodeProjects/ProjectZer0/ProjectZer0Backend/src/neo4j/schemas/__tests__/statement.schema.spec.ts", "TypeScript", 0, 0, 0, 0, 534, 0, 0, 0, 0, 0, 0, 0, 5, 107, 646
"/Users/rob/vsCodeProjects/ProjectZer0/ProjectZer0Backend/src/neo4j/schemas/__tests__/tagged.schema.spec.ts", "TypeScript", 0, 0, 0, 0, 521, 0, 0, 0, 0, 0, 0, 0, 13, 103, 637
"/Users/rob/vsCodeProjects/ProjectZer0/ProjectZer0Backend/src/neo4j/schemas/__tests__/user.schema.spec.ts", "TypeScript", 0, 0, 0, 0, 261, 0, 0, 0, 0, 0, 0, 0, 0, 41, 302
"/Users/rob/vsCodeProjects/ProjectZer0/ProjectZer0Backend/src/neo4j/schemas/__tests__/visibility.schema.spec.ts", "TypeScript", 0, 0, 0, 0, 231, 0, 0, 0, 0, 0, 0, 0, 23, 63, 317
"/Users/rob/vsCodeProjects/ProjectZer0/ProjectZer0Backend/src/neo4j/schemas/__tests__/vote.schema.spec.ts", "TypeScript", 0, 0, 0, 0, 388, 0, 0, 0, 0, 0, 0, 0, 2, 49, 439
"/Users/rob/vsCodeProjects/ProjectZer0/ProjectZer0Backend/src/neo4j/schemas/__tests__/word.schema.spec.ts", "TypeScript", 0, 0, 0, 0, 1073, 0, 0, 0, 0, 0, 0, 0, 14, 208, 1295
"/Users/rob/vsCodeProjects/ProjectZer0/ProjectZer0Backend/src/neo4j/schemas/answer.schema.ts", "TypeScript", 0, 0, 0, 0, 442, 0, 0, 0, 0, 0, 0, 0, 85, 61, 588
"/Users/rob/vsCodeProjects/ProjectZer0/ProjectZer0Backend/src/neo4j/schemas/base/base-node.schema.ts", "TypeScript", 0, 0, 0, 0, 231, 0, 0, 0, 0, 0, 0, 0, 40, 49, 320
"/Users/rob/vsCodeProjects/ProjectZer0/ProjectZer0Backend/src/neo4j/schemas/base/categorized.schema.ts", "TypeScript", 0, 0, 0, 0, 484, 0, 0, 0, 0, 0, 0, 0, 115, 80, 679
"/Users/rob/vsCodeProjects/ProjectZer0/ProjectZer0Backend/src/neo4j/schemas/base/index.ts", "TypeScript", 0, 0, 0, 0, 3, 0, 0, 0, 0, 0, 0, 0, 1, 2, 6
"/Users/rob/vsCodeProjects/ProjectZer0/ProjectZer0Backend/src/neo4j/schemas/base/tagged.schema.ts", "TypeScript", 0, 0, 0, 0, 279, 0, 0, 0, 0, 0, 0, 0, 81, 48, 408
"/Users/rob/vsCodeProjects/ProjectZer0/ProjectZer0Backend/src/neo4j/schemas/category.schema.ts", "TypeScript", 0, 0, 0, 0, 324, 0, 0, 0, 0, 0, 0, 0, 57, 35, 416
"/Users/rob/vsCodeProjects/ProjectZer0/ProjectZer0Backend/src/neo4j/schemas/comment.schema.ts", "TypeScript", 0, 0, 0, 0, 353, 0, 0, 0, 0, 0, 0, 0, 32, 54, 439
"/Users/rob/vsCodeProjects/ProjectZer0/ProjectZer0Backend/src/neo4j/schemas/definition.schema.ts", "TypeScript", 0, 0, 0, 0, 333, 0, 0, 0, 0, 0, 0, 0, 67, 47, 447
"/Users/rob/vsCodeProjects/ProjectZer0/ProjectZer0Backend/src/neo4j/schemas/discussion.schema.ts", "TypeScript", 0, 0, 0, 0, 430, 0, 0, 0, 0, 0, 0, 0, 75, 56, 561
"/Users/rob/vsCodeProjects/ProjectZer0/ProjectZer0Backend/src/neo4j/schemas/evidence.schema.ts", "TypeScript", 0, 0, 0, 0, 985, 0, 0, 0, 0, 0, 0, 0, 133, 112, 1230
"/Users/rob/vsCodeProjects/ProjectZer0/ProjectZer0Backend/src/neo4j/schemas/index.ts", "TypeScript", 0, 0, 0, 0, 17, 0, 0, 0, 0, 0, 0, 0, 5, 5, 27
"/Users/rob/vsCodeProjects/ProjectZer0/ProjectZer0Backend/src/neo4j/schemas/interaction.schema.ts", "TypeScript", 0, 0, 0, 0, 153, 0, 0, 0, 0, 0, 0, 0, 3, 25, 181
"/Users/rob/vsCodeProjects/ProjectZer0/ProjectZer0Backend/src/neo4j/schemas/openquestion.schema.ts", "TypeScript", 0, 0, 0, 0, 413, 0, 0, 0, 0, 0, 0, 0, 84, 56, 553
"/Users/rob/vsCodeProjects/ProjectZer0/ProjectZer0Backend/src/neo4j/schemas/quantity.schema.ts", "TypeScript", 0, 0, 0, 0, 987, 0, 0, 0, 0, 0, 0, 0, 141, 124, 1252
"/Users/rob/vsCodeProjects/ProjectZer0/ProjectZer0Backend/src/neo4j/schemas/statement.schema.ts", "TypeScript", 0, 0, 0, 0, 512, 0, 0, 0, 0, 0, 0, 0, 87, 66, 665
"/Users/rob/vsCodeProjects/ProjectZer0/ProjectZer0Backend/src/neo4j/schemas/unitPreference.schema.ts", "TypeScript", 0, 0, 0, 0, 144, 0, 0, 0, 0, 0, 0, 0, 33, 32, 209
"/Users/rob/vsCodeProjects/ProjectZer0/ProjectZer0Backend/src/neo4j/schemas/user.schema.ts", "TypeScript", 0, 0, 0, 0, 440, 0, 0, 0, 0, 0, 0, 0, 58, 32, 530
"/Users/rob/vsCodeProjects/ProjectZer0/ProjectZer0Backend/src/neo4j/schemas/utils/index.ts", "TypeScript", 0, 0, 0, 0, 2, 0, 0, 0, 0, 0, 0, 0, 1, 2, 5
"/Users/rob/vsCodeProjects/ProjectZer0/ProjectZer0Backend/src/neo4j/schemas/utils/query-builder.util.spec.ts", "TypeScript", 0, 0, 0, 0, 356, 0, 0, 0, 0, 0, 0, 0, 1, 78, 435
"/Users/rob/vsCodeProjects/ProjectZer0/ProjectZer0Backend/src/neo4j/schemas/utils/query-builder.util.ts", "TypeScript", 0, 0, 0, 0, 215, 0, 0, 0, 0, 0, 0, 0, 88, 30, 333
"/Users/rob/vsCodeProjects/ProjectZer0/ProjectZer0Backend/src/neo4j/schemas/utils/validators.util.ts", "TypeScript", 0, 0, 0, 0, 236, 0, 0, 0, 0, 0, 0, 0, 121, 39, 396
"/Users/rob/vsCodeProjects/ProjectZer0/ProjectZer0Backend/src/neo4j/schemas/visibility.schema.ts", "TypeScript", 0, 0, 0, 0, 148, 0, 0, 0, 0, 0, 0, 0, 33, 32, 213
"/Users/rob/vsCodeProjects/ProjectZer0/ProjectZer0Backend/src/neo4j/schemas/vote.schema.ts", "TypeScript", 0, 0, 0, 0, 271, 0, 0, 0, 0, 0, 0, 0, 13, 31, 315
"/Users/rob/vsCodeProjects/ProjectZer0/ProjectZer0Backend/src/neo4j/schemas/word.schema.ts", "TypeScript", 0, 0, 0, 0, 471, 0, 0, 0, 0, 0, 0, 0, 89, 76, 636
"/Users/rob/vsCodeProjects/ProjectZer0/ProjectZer0Backend/src/neo4j/vote/vote.module.ts", "TypeScript", 0, 0, 0, 0, 7, 0, 0, 0, 0, 0, 0, 0, 1, 2, 10
"/Users/rob/vsCodeProjects/ProjectZer0/ProjectZer0Backend/src/nodes/answer/answer.controller.spec.ts", "TypeScript", 0, 0, 0, 0, 744, 0, 0, 0, 0, 0, 0, 0, 25, 173, 942
"/Users/rob/vsCodeProjects/ProjectZer0/ProjectZer0Backend/src/nodes/answer/answer.controller.ts", "TypeScript", 0, 0, 0, 0, 270, 0, 0, 0, 0, 0, 0, 0, 82, 75, 427
"/Users/rob/vsCodeProjects/ProjectZer0/ProjectZer0Backend/src/nodes/answer/answer.module.ts", "TypeScript", 0, 0, 0, 0, 32, 0, 0, 0, 0, 0, 0, 0, 1, 3, 36
"/Users/rob/vsCodeProjects/ProjectZer0/ProjectZer0Backend/src/nodes/answer/answer.service.spec.ts", "TypeScript", 0, 0, 0, 0, 1252, 0, 0, 0, 0, 0, 0, 0, 57, 329, 1638
"/Users/rob/vsCodeProjects/ProjectZer0/ProjectZer0Backend/src/nodes/answer/answer.service.ts", "TypeScript", 0, 0, 0, 0, 563, 0, 0, 0, 0, 0, 0, 0, 119, 97, 779
"/Users/rob/vsCodeProjects/ProjectZer0/ProjectZer0Backend/src/nodes/category/category.controller.spec.ts", "TypeScript", 0, 0, 0, 0, 536, 0, 0, 0, 0, 0, 0, 0, 39, 143, 718
"/Users/rob/vsCodeProjects/ProjectZer0/ProjectZer0Backend/src/nodes/category/category.controller.ts", "TypeScript", 0, 0, 0, 0, 210, 0, 0, 0, 0, 0, 0, 0, 100, 59, 369
"/Users/rob/vsCodeProjects/ProjectZer0/ProjectZer0Backend/src/nodes/category/category.module.ts", "TypeScript", 0, 0, 0, 0, 26, 0, 0, 0, 0, 0, 0, 0, 20, 3, 49
"/Users/rob/vsCodeProjects/ProjectZer0/ProjectZer0Backend/src/nodes/category/category.service.spec.ts", "TypeScript", 0, 0, 0, 0, 565, 0, 0, 0, 0, 0, 0, 0, 32, 140, 737
"/Users/rob/vsCodeProjects/ProjectZer0/ProjectZer0Backend/src/nodes/category/category.service.ts", "TypeScript", 0, 0, 0, 0, 440, 0, 0, 0, 0, 0, 0, 0, 118, 72, 630
"/Users/rob/vsCodeProjects/ProjectZer0/ProjectZer0Backend/src/nodes/comment/comment.controller.spec.ts", "TypeScript", 0, 0, 0, 0, 621, 0, 0, 0, 0, 0, 0, 0, 16, 132, 769
"/Users/rob/vsCodeProjects/ProjectZer0/ProjectZer0Backend/src/nodes/comment/comment.controller.ts", "TypeScript", 0, 0, 0, 0, 299, 0, 0, 0, 0, 0, 0, 0, 109, 70, 478
"/Users/rob/vsCodeProjects/ProjectZer0/ProjectZer0Backend/src/nodes/comment/comment.module.ts", "TypeScript", 0, 0, 0, 0, 24, 0, 0, 0, 0, 0, 0, 0, 25, 3, 52
"/Users/rob/vsCodeProjects/ProjectZer0/ProjectZer0Backend/src/nodes/comment/comment.service.spec.ts", "TypeScript", 0, 0, 0, 0, 601, 0, 0, 0, 0, 0, 0, 0, 23, 143, 767
"/Users/rob/vsCodeProjects/ProjectZer0/ProjectZer0Backend/src/nodes/comment/comment.service.ts", "TypeScript", 0, 0, 0, 0, 511, 0, 0, 0, 0, 0, 0, 0, 122, 85, 718
"/Users/rob/vsCodeProjects/ProjectZer0/ProjectZer0Backend/src/nodes/definition/definition.controller.spec.ts", "TypeScript", 0, 0, 0, 0, 648, 0, 0, 0, 0, 0, 0, 0, 22, 148, 818
"/Users/rob/vsCodeProjects/ProjectZer0/ProjectZer0Backend/src/nodes/definition/definition.controller.ts", "TypeScript", 0, 0, 0, 0, 277, 0, 0, 0, 0, 0, 0, 0, 88, 69, 434
"/Users/rob/vsCodeProjects/ProjectZer0/ProjectZer0Backend/src/nodes/definition/definition.module.ts", "TypeScript", 0, 0, 0, 0, 25, 0, 0, 0, 0, 0, 0, 0, 13, 3, 41
"/Users/rob/vsCodeProjects/ProjectZer0/ProjectZer0Backend/src/nodes/definition/definition.service.spec.ts", "TypeScript", 0, 0, 0, 0, 646, 0, 0, 0, 0, 0, 0, 0, 25, 149, 820
"/Users/rob/vsCodeProjects/ProjectZer0/ProjectZer0Backend/src/nodes/definition/definition.service.ts", "TypeScript", 0, 0, 0, 0, 386, 0, 0, 0, 0, 0, 0, 0, 89, 62, 537
"/Users/rob/vsCodeProjects/ProjectZer0/ProjectZer0Backend/src/nodes/discussion/discussion.controller.spec.ts", "TypeScript", 0, 0, 0, 0, 343, 0, 0, 0, 0, 0, 0, 0, 18, 73, 434
"/Users/rob/vsCodeProjects/ProjectZer0/ProjectZer0Backend/src/nodes/discussion/discussion.controller.ts", "TypeScript", 0, 0, 0, 0, 168, 0, 0, 0, 0, 0, 0, 0, 118, 47, 333
"/Users/rob/vsCodeProjects/ProjectZer0/ProjectZer0Backend/src/nodes/discussion/discussion.module.ts", "TypeScript", 0, 0, 0, 0, 24, 0, 0, 0, 0, 0, 0, 0, 65, 3, 92
"/Users/rob/vsCodeProjects/ProjectZer0/ProjectZer0Backend/src/nodes/discussion/discussion.service.spec.ts", "TypeScript", 0, 0, 0, 0, 437, 0, 0, 0, 0, 0, 0, 0, 19, 103, 559
"/Users/rob/vsCodeProjects/ProjectZer0/ProjectZer0Backend/src/nodes/discussion/discussion.service.ts", "TypeScript", 0, 0, 0, 0, 341, 0, 0, 0, 0, 0, 0, 0, 122, 67, 530
"/Users/rob/vsCodeProjects/ProjectZer0/ProjectZer0Backend/src/nodes/evidence/evidence.controller.spec.ts", "TypeScript", 0, 0, 0, 0, 865, 0, 0, 0, 0, 0, 0, 0, 25, 170, 1060
"/Users/rob/vsCodeProjects/ProjectZer0/ProjectZer0Backend/src/nodes/evidence/evidence.controller.ts", "TypeScript", 0, 0, 0, 0, 364, 0, 0, 0, 0, 0, 0, 0, 91, 95, 550
"/Users/rob/vsCodeProjects/ProjectZer0/ProjectZer0Backend/src/nodes/evidence/evidence.module.ts", "TypeScript", 0, 0, 0, 0, 30, 0, 0, 0, 0, 0, 0, 0, 30, 3, 63
"/Users/rob/vsCodeProjects/ProjectZer0/ProjectZer0Backend/src/nodes/evidence/evidence.service.spec.ts", "TypeScript", 0, 0, 0, 0, 1027, 0, 0, 0, 0, 0, 0, 0, 38, 250, 1315
"/Users/rob/vsCodeProjects/ProjectZer0/ProjectZer0Backend/src/nodes/evidence/evidence.service.ts", "TypeScript", 0, 0, 0, 0, 655, 0, 0, 0, 0, 0, 0, 0, 130, 109, 894
"/Users/rob/vsCodeProjects/ProjectZer0/ProjectZer0Backend/src/nodes/nodes.module.ts", "TypeScript", 0, 0, 0, 0, 38, 0, 0, 0, 0, 0, 0, 0, 1, 2, 41
"/Users/rob/vsCodeProjects/ProjectZer0/ProjectZer0Backend/src/nodes/openquestion/openquestion.controller.spec.ts", "TypeScript", 0, 0, 0, 0, 574, 0, 0, 0, 0, 0, 0, 0, 19, 122, 715
"/Users/rob/vsCodeProjects/ProjectZer0/ProjectZer0Backend/src/nodes/openquestion/openquestion.controller.ts", "TypeScript", 0, 0, 0, 0, 186, 0, 0, 0, 0, 0, 0, 0, 62, 53, 301
"/Users/rob/vsCodeProjects/ProjectZer0/ProjectZer0Backend/src/nodes/openquestion/openquestion.module.ts", "TypeScript", 0, 0, 0, 0, 30, 0, 0, 0, 0, 0, 0, 0, 1, 3, 34
"/Users/rob/vsCodeProjects/ProjectZer0/ProjectZer0Backend/src/nodes/openquestion/openquestion.service.spec.ts", "TypeScript", 0, 0, 0, 0, 1133, 0, 0, 0, 0, 0, 0, 0, 86, 268, 1487
"/Users/rob/vsCodeProjects/ProjectZer0/ProjectZer0Backend/src/nodes/openquestion/openquestion.service.ts", "TypeScript", 0, 0, 0, 0, 453, 0, 0, 0, 0, 0, 0, 0, 108, 73, 634
"/Users/rob/vsCodeProjects/ProjectZer0/ProjectZer0Backend/src/nodes/quantity/quantity.controller.spec.ts", "TypeScript", 0, 0, 0, 0, 736, 0, 0, 0, 0, 0, 0, 0, 28, 151, 915
"/Users/rob/vsCodeProjects/ProjectZer0/ProjectZer0Backend/src/nodes/quantity/quantity.controller.ts", "TypeScript", 0, 0, 0, 0, 284, 0, 0, 0, 0, 0, 0, 0, 97, 87, 468
"/Users/rob/vsCodeProjects/ProjectZer0/ProjectZer0Backend/src/nodes/quantity/quantity.module.ts", "TypeScript", 0, 0, 0, 0, 32, 0, 0, 0, 0, 0, 0, 0, 1, 3, 36
"/Users/rob/vsCodeProjects/ProjectZer0/ProjectZer0Backend/src/nodes/quantity/quantity.service.spec.ts", "TypeScript", 0, 0, 0, 0, 1184, 0, 0, 0, 0, 0, 0, 0, 48, 303, 1535
"/Users/rob/vsCodeProjects/ProjectZer0/ProjectZer0Backend/src/nodes/quantity/quantity.service.ts", "TypeScript", 0, 0, 0, 0, 697, 0, 0, 0, 0, 0, 0, 0, 142, 113, 952
"/Users/rob/vsCodeProjects/ProjectZer0/ProjectZer0Backend/src/nodes/statement/statement.controller.spec.ts", "TypeScript", 0, 0, 0, 0, 763, 0, 0, 0, 0, 0, 0, 0, 31, 154, 948
"/Users/rob/vsCodeProjects/ProjectZer0/ProjectZer0Backend/src/nodes/statement/statement.controller.ts", "TypeScript", 0, 0, 0, 0, 345, 0, 0, 0, 0, 0, 0, 0, 103, 88, 536
"/Users/rob/vsCodeProjects/ProjectZer0/ProjectZer0Backend/src/nodes/statement/statement.module.ts", "TypeScript", 0, 0, 0, 0, 32, 0, 0, 0, 0, 0, 0, 0, 23, 3, 58
"/Users/rob/vsCodeProjects/ProjectZer0/ProjectZer0Backend/src/nodes/statement/statement.service.spec.ts", "TypeScript", 0, 0, 0, 0, 1158, 0, 0, 0, 0, 0, 0, 0, 90, 274, 1522
"/Users/rob/vsCodeProjects/ProjectZer0/ProjectZer0Backend/src/nodes/statement/statement.service.ts", "TypeScript", 0, 0, 0, 0, 526, 0, 0, 0, 0, 0, 0, 0, 20, 81, 627
"/Users/rob/vsCodeProjects/ProjectZer0/ProjectZer0Backend/src/nodes/universal/universal-graph.controller.spec.ts", "TypeScript", 0, 0, 0, 0, 728, 0, 0, 0, 0, 0, 0, 0, 46, 145, 919
"/Users/rob/vsCodeProjects/ProjectZer0/ProjectZer0Backend/src/nodes/universal/universal-graph.controller.ts", "TypeScript", 0, 0, 0, 0, 344, 0, 0, 0, 0, 0, 0, 0, 124, 64, 532
"/Users/rob/vsCodeProjects/ProjectZer0/ProjectZer0Backend/src/nodes/universal/universal-graph.module.ts", "TypeScript", 0, 0, 0, 0, 33, 0, 0, 0, 0, 0, 0, 0, 2, 4, 39
"/Users/rob/vsCodeProjects/ProjectZer0/ProjectZer0Backend/src/nodes/universal/universal-graph.service.spec.ts", "TypeScript", 0, 0, 0, 0, 917, 0, 0, 0, 0, 0, 0, 0, 68, 122, 1107
"/Users/rob/vsCodeProjects/ProjectZer0/ProjectZer0Backend/src/nodes/universal/universal-graph.service.ts", "TypeScript", 0, 0, 0, 0, 1204, 0, 0, 0, 0, 0, 0, 0, 185, 179, 1568
"/Users/rob/vsCodeProjects/ProjectZer0/ProjectZer0Backend/src/nodes/word/word.controller.spec.ts", "TypeScript", 0, 0, 0, 0, 733, 0, 0, 0, 0, 0, 0, 0, 25, 184, 942
"/Users/rob/vsCodeProjects/ProjectZer0/ProjectZer0Backend/src/nodes/word/word.controller.ts", "TypeScript", 0, 0, 0, 0, 300, 0, 0, 0, 0, 0, 0, 0, 104, 72, 476
"/Users/rob/vsCodeProjects/ProjectZer0/ProjectZer0Backend/src/nodes/word/word.module.ts", "TypeScript", 0, 0, 0, 0, 31, 0, 0, 0, 0, 0, 0, 0, 18, 3, 52
"/Users/rob/vsCodeProjects/ProjectZer0/ProjectZer0Backend/src/nodes/word/word.service.spec.ts", "TypeScript", 0, 0, 0, 0, 891, 0, 0, 0, 0, 0, 0, 0, 43, 193, 1127
"/Users/rob/vsCodeProjects/ProjectZer0/ProjectZer0Backend/src/nodes/word/word.service.ts", "TypeScript", 0, 0, 0, 0, 560, 0, 0, 0, 0, 0, 0, 0, 127, 80, 767
"/Users/rob/vsCodeProjects/ProjectZer0/ProjectZer0Backend/src/services/keyword-extraction/keyword-extraction.config.ts", "TypeScript", 0, 0, 0, 0, 11, 0, 0, 0, 0, 0, 0, 0, 0, 2, 13
"/Users/rob/vsCodeProjects/ProjectZer0/ProjectZer0Backend/src/services/keyword-extraction/keyword-extraction.integration.spec.ts", "TypeScript", 0, 0, 0, 0, 66, 0, 0, 0, 0, 0, 0, 0, 9, 14, 89
"/Users/rob/vsCodeProjects/ProjectZer0/ProjectZer0Backend/src/services/keyword-extraction/keyword-extraction.interface.ts", "TypeScript", 0, 0, 0, 0, 21, 0, 0, 0, 0, 0, 0, 0, 1, 5, 27
"/Users/rob/vsCodeProjects/ProjectZer0/ProjectZer0Backend/src/services/keyword-extraction/keyword-extraction.module.ts", "TypeScript", 0, 0, 0, 0, 10, 0, 0, 0, 0, 0, 0, 0, 0, 2, 12
"/Users/rob/vsCodeProjects/ProjectZer0/ProjectZer0Backend/src/services/keyword-extraction/keyword-extraction.service.spec.ts", "TypeScript", 0, 0, 0, 0, 149, 0, 0, 0, 0, 0, 0, 0, 19, 29, 197
"/Users/rob/vsCodeProjects/ProjectZer0/ProjectZer0Backend/src/services/keyword-extraction/keyword-extraction.service.ts", "TypeScript", 0, 0, 0, 0, 111, 0, 0, 0, 0, 0, 0, 0, 7, 21, 139
"/Users/rob/vsCodeProjects/ProjectZer0/ProjectZer0Backend/src/services/keyword-extraction/test-outputs/extraction-result.json", "JSON", 69, 0, 0, 0, 0, 0, 0, 0, 0, 0, 0, 0, 0, 0, 69
"/Users/rob/vsCodeProjects/ProjectZer0/ProjectZer0Backend/src/services/projectZeroAIClient/index.ts", "TypeScript", 0, 0, 0, 0, 1, 0, 0, 0, 0, 0, 0, 0, 0, 1, 2
"/Users/rob/vsCodeProjects/ProjectZer0/ProjectZer0Backend/src/services/projectZeroAIClient/projectZeroAIClient.ts", "TypeScript", 0, 0, 0, 0, 44, 0, 0, 0, 0, 0, 0, 0, 0, 6, 50
"/Users/rob/vsCodeProjects/ProjectZer0/ProjectZer0Backend/src/units/__tests__/unit.service.spec.ts", "TypeScript", 0, 0, 0, 0, 245, 0, 0, 0, 0, 0, 0, 0, 10, 38, 293
"/Users/rob/vsCodeProjects/ProjectZer0/ProjectZer0Backend/src/units/constants/unit-categories.ts", "TypeScript", 0, 0, 0, 0, 389, 0, 0, 0, 0, 0, 0, 0, 14, 11, 414
"/Users/rob/vsCodeProjects/ProjectZer0/ProjectZer0Backend/src/units/interfaces/unit.interface.ts", "TypeScript", 0, 0, 0, 0, 39, 0, 0, 0, 0, 0, 0, 0, 31, 17, 87
"/Users/rob/vsCodeProjects/ProjectZer0/ProjectZer0Backend/src/units/unit.controller.ts", "TypeScript", 0, 0, 0, 0, 140, 0, 0, 0, 0, 0, 0, 0, 1, 25, 166
"/Users/rob/vsCodeProjects/ProjectZer0/ProjectZer0Backend/src/units/unit.module.ts", "TypeScript", 0, 0, 0, 0, 9, 0, 0, 0, 0, 0, 0, 0, 1, 2, 12
"/Users/rob/vsCodeProjects/ProjectZer0/ProjectZer0Backend/src/units/unit.service.ts", "TypeScript", 0, 0, 0, 0, 168, 0, 0, 0, 0, 0, 0, 0, 48, 32, 248
"/Users/rob/vsCodeProjects/ProjectZer0/ProjectZer0Backend/src/users/dto/unitPreference.dto.ts", "TypeScript", 0, 0, 0, 0, 14, 0, 0, 0, 0, 0, 0, 0, 1, 6, 21
"/Users/rob/vsCodeProjects/ProjectZer0/ProjectZer0Backend/src/users/dto/visibility.dto.ts", "TypeScript", 0, 0, 0, 0, 23, 0, 0, 0, 0, 0, 0, 0, 10, 6, 39
"/Users/rob/vsCodeProjects/ProjectZer0/ProjectZer0Backend/src/users/interactions/interaction.model.ts", "TypeScript", 0, 0, 0, 0, 19, 0, 0, 0, 0, 0, 0, 0, 1, 5, 25
"/Users/rob/vsCodeProjects/ProjectZer0/ProjectZer0Backend/src/users/interactions/interaction.module.ts", "TypeScript", 0, 0, 0, 0, 10, 0, 0, 0, 0, 0, 0, 0, 1, 3, 14
"/Users/rob/vsCodeProjects/ProjectZer0/ProjectZer0Backend/src/users/interactions/interaction.service.spec.ts", "TypeScript", 0, 0, 0, 0, 186, 0, 0, 0, 0, 0, 0, 0, 2, 35, 223
"/Users/rob/vsCodeProjects/ProjectZer0/ProjectZer0Backend/src/users/interactions/interaction.service.ts", "TypeScript", 0, 0, 0, 0, 175, 0, 0, 0, 0, 0, 0, 0, 3, 26, 204
"/Users/rob/vsCodeProjects/ProjectZer0/ProjectZer0Backend/src/users/unit-preference/unit-preference.controller.ts", "TypeScript", 0, 0, 0, 0, 44, 0, 0, 0, 0, 0, 0, 0, 1, 9, 54
"/Users/rob/vsCodeProjects/ProjectZer0/ProjectZer0Backend/src/users/unit-preference/unit-preference.module.ts", "TypeScript", 0, 0, 0, 0, 12, 0, 0, 0, 0, 0, 0, 0, 1, 3, 16
"/Users/rob/vsCodeProjects/ProjectZer0/ProjectZer0Backend/src/users/unit-preference/unit-preference.service.ts", "TypeScript", 0, 0, 0, 0, 79, 0, 0, 0, 0, 0, 0, 0, 10, 16, 105
"/Users/rob/vsCodeProjects/ProjectZer0/ProjectZer0Backend/src/users/user-auth.service.spec.ts", "TypeScript", 0, 0, 0, 0, 117, 0, 0, 0, 0, 0, 0, 0, 1, 31, 149
"/Users/rob/vsCodeProjects/ProjectZer0/ProjectZer0Backend/src/users/user-auth.service.ts", "TypeScript", 0, 0, 0, 0, 150, 0, 0, 0, 0, 0, 0, 0, 8, 25, 183
"/Users/rob/vsCodeProjects/ProjectZer0/ProjectZer0Backend/src/users/user.model.ts", "TypeScript", 0, 0, 0, 0, 36, 0, 0, 0, 0, 0, 0, 0, 6, 5, 47
"/Users/rob/vsCodeProjects/ProjectZer0/ProjectZer0Backend/src/users/user.models.spec.ts", "TypeScript", 0, 0, 0, 0, 68, 0, 0, 0, 0, 0, 0, 0, 0, 7, 75
"/Users/rob/vsCodeProjects/ProjectZer0/ProjectZer0Backend/src/users/userNodeService.ts", "TypeScript", 0, 0, 0, 0, 0, 0, 0, 0, 0, 0, 0, 0, 0, 1, 1
"/Users/rob/vsCodeProjects/ProjectZer0/ProjectZer0Backend/src/users/users.controller.spec.ts", "TypeScript", 0, 0, 0, 0, 178, 0, 0, 0, 0, 0, 0, 0, 1, 23, 202
"/Users/rob/vsCodeProjects/ProjectZer0/ProjectZer0Backend/src/users/users.controller.ts", "TypeScript", 0, 0, 0, 0, 163, 0, 0, 0, 0, 0, 0, 0, 5, 23, 191
"/Users/rob/vsCodeProjects/ProjectZer0/ProjectZer0Backend/src/users/users.module.ts", "TypeScript", 0, 0, 0, 0, 21, 0, 0, 0, 0, 0, 0, 0, 1, 2, 24
"/Users/rob/vsCodeProjects/ProjectZer0/ProjectZer0Backend/src/users/visibility/visibility.controller.ts", "TypeScript", 0, 0, 0, 0, 91, 0, 0, 0, 0, 0, 0, 0, 4, 16, 111
"/Users/rob/vsCodeProjects/ProjectZer0/ProjectZer0Backend/src/users/visibility/visibility.module.ts", "TypeScript", 0, 0, 0, 0, 12, 0, 0, 0, 0, 0, 0, 0, 1, 3, 16
"/Users/rob/vsCodeProjects/ProjectZer0/ProjectZer0Backend/src/users/visibility/visibility.service.spec.ts", "TypeScript", 0, 0, 0, 0, 184, 0, 0, 0, 0, 0, 0, 0, 5, 49, 238
"/Users/rob/vsCodeProjects/ProjectZer0/ProjectZer0Backend/src/users/visibility/visibility.service.ts", "TypeScript", 0, 0, 0, 0, 120, 0, 0, 0, 0, 0, 0, 0, 30, 21, 171
"/Users/rob/vsCodeProjects/ProjectZer0/ProjectZer0Backend/svelte.config.js", "JavaScript", 0, 0, 1, 0, 0, 0, 0, 0, 0, 0, 0, 0, 1, 1, 3
"/Users/rob/vsCodeProjects/ProjectZer0/ProjectZer0Backend/test/app.e2e-spec.ts", "TypeScript", 0, 0, 0, 0, 20, 0, 0, 0, 0, 0, 0, 0, 0, 5, 25
"/Users/rob/vsCodeProjects/ProjectZer0/ProjectZer0Backend/test/jest-e2e.json", "JSON", 9, 0, 0, 0, 0, 0, 0, 0, 0, 0, 0, 0, 0, 1, 10
"/Users/rob/vsCodeProjects/ProjectZer0/ProjectZer0Backend/test/neo4j.e2e-spec.ts", "TypeScript", 0, 0, 0, 0, 25, 0, 0, 0, 0, 0, 0, 0, 0, 6, 31
"/Users/rob/vsCodeProjects/ProjectZer0/ProjectZer0Backend/tsconfig.build.json", "JSON", 4, 0, 0, 0, 0, 0, 0, 0, 0, 0, 0, 0, 0, 1, 5
"/Users/rob/vsCodeProjects/ProjectZer0/ProjectZer0Backend/tsconfig.json", "JSON with Comments", 0, 21, 0, 0, 0, 0, 0, 0, 0, 0, 0, 0, 0, 1, 22
"/Users/rob/vsCodeProjects/ProjectZer0/ProjectZer0Frontend/.prettierignore", "Ignore", 0, 0, 0, 0, 0, 0, 0, 0, 0, 0, 3, 0, 1, 1, 5
"/Users/rob/vsCodeProjects/ProjectZer0/ProjectZer0Frontend/.prettierrc", "JSON", 8, 0, 0, 0, 0, 0, 0, 0, 0, 0, 0, 0, 0, 1, 9
"/Users/rob/vsCodeProjects/ProjectZer0/ProjectZer0Frontend/eslint.config.js", "JavaScript", 0, 0, 31, 0, 0, 0, 0, 0, 0, 0, 0, 0, 1, 2, 34
"/Users/rob/vsCodeProjects/ProjectZer0/ProjectZer0Frontend/package-lock.json", "JSON", 7120, 0, 0, 0, 0, 0, 0, 0, 0, 0, 0, 0, 0, 1, 7121
"/Users/rob/vsCodeProjects/ProjectZer0/ProjectZer0Frontend/package.json", "JSON", 55, 0, 0, 0, 0, 0, 0, 0, 0, 0, 0, 0, 0, 0, 55
"/Users/rob/vsCodeProjects/ProjectZer0/ProjectZer0Frontend/playwright.config.ts", "TypeScript", 0, 0, 0, 0, 10, 0, 0, 0, 0, 0, 0, 0, 0, 3, 13
"/Users/rob/vsCodeProjects/ProjectZer0/ProjectZer0Frontend/scripts/utils/batch-statement-creator.js", "JavaScript", 0, 0, 196, 0, 0, 0, 0, 0, 0, 0, 0, 0, 19, 27, 242
"/Users/rob/vsCodeProjects/ProjectZer0/ProjectZer0Frontend/src/app.css", "PostCSS", 0, 0, 0, 0, 0, 0, 0, 0, 32, 0, 0, 0, 5, 4, 41
"/Users/rob/vsCodeProjects/ProjectZer0/ProjectZer0Frontend/src/app.d.ts", "TypeScript", 0, 0, 0, 0, 10, 0, 0, 0, 0, 0, 0, 0, 0, 1, 11
"/Users/rob/vsCodeProjects/ProjectZer0/ProjectZer0Frontend/src/app.html", "HTML", 0, 0, 0, 0, 0, 0, 0, 18, 0, 0, 0, 0, 1, 0, 19
"/Users/rob/vsCodeProjects/ProjectZer0/ProjectZer0Frontend/src/index.test.ts", "TypeScript", 0, 0, 0, 0, 6, 0, 0, 0, 0, 0, 0, 0, 0, 2, 8
"/Users/rob/vsCodeProjects/ProjectZer0/ProjectZer0Frontend/src/lib/components/debug/GraphDebugVisualizer.svelte", "Svelte", 0, 0, 0, 0, 0, 0, 0, 0, 0, 144, 0, 0, 24, 22, 190
"/Users/rob/vsCodeProjects/ProjectZer0/ProjectZer0Frontend/src/lib/components/forms/comment/CommentForm.svelte", "Svelte", 0, 0, 0, 0, 0, 0, 0, 0, 0, 304, 0, 0, 9, 48, 361
"/Users/rob/vsCodeProjects/ProjectZer0/ProjectZer0Frontend/src/lib/components/forms/createNode/alternativeDefinition/AlternativeDefinitionInput.svelte", "Svelte", 0, 0, 0, 0, 0, 0, 0, 0, 0, 138, 0, 0, 6, 20, 164
"/Users/rob/vsCodeProjects/ProjectZer0/ProjectZer0Frontend/src/lib/components/forms/createNode/alternativeDefinition/AlternativeDefinitionReview.svelte", "Svelte", 0, 0, 0, 0, 0, 0, 0, 0, 0, 293, 0, 0, 4, 46, 343
"/Users/rob/vsCodeProjects/ProjectZer0/ProjectZer0Frontend/src/lib/components/forms/createNode/openquestion/OpenQuestionInput.svelte", "Svelte", 0, 0, 0, 0, 0, 0, 0, 0, 0, 142, 0, 0, 6, 20, 168
"/Users/rob/vsCodeProjects/ProjectZer0/ProjectZer0Frontend/src/lib/components/forms/createNode/openquestion/OpenQuestionReview.svelte", "Svelte", 0, 0, 0, 0, 0, 0, 0, 0, 0, 290, 0, 0, 8, 46, 344
"/Users/rob/vsCodeProjects/ProjectZer0/ProjectZer0Frontend/src/lib/components/forms/createNode/quantity/QuantityInput.svelte", "Svelte", 0, 0, 0, 0, 0, 0, 0, 0, 0, 142, 0, 0, 6, 20, 168
"/Users/rob/vsCodeProjects/ProjectZer0/ProjectZer0Frontend/src/lib/components/forms/createNode/quantity/QuantityReview.svelte", "Svelte", 0, 0, 0, 0, 0, 0, 0, 0, 0, 374, 0, 0, 10, 57, 441
"/Users/rob/vsCodeProjects/ProjectZer0/ProjectZer0Frontend/src/lib/components/forms/createNode/quantity/UnitCategorySelect.svelte", "Svelte", 0, 0, 0, 0, 0, 0, 0, 0, 0, 264, 0, 0, 11, 31, 306
"/Users/rob/vsCodeProjects/ProjectZer0/ProjectZer0Frontend/src/lib/components/forms/createNode/shared/CharacterCount.svelte", "Svelte", 0, 0, 0, 0, 0, 0, 0, 0, 0, 33, 0, 0, 1, 6, 40
"/Users/rob/vsCodeProjects/ProjectZer0/ProjectZer0Frontend/src/lib/components/forms/createNode/shared/DiscussionInput.svelte", "Svelte", 0, 0, 0, 0, 0, 0, 0, 0, 0, 112, 0, 0, 5, 16, 133
"/Users/rob/vsCodeProjects/ProjectZer0/ProjectZer0Frontend/src/lib/components/forms/createNode/shared/FormNavigation.svelte", "Svelte", 0, 0, 0, 0, 0, 0, 0, 0, 0, 95, 0, 0, 3, 10, 108
"/Users/rob/vsCodeProjects/ProjectZer0/ProjectZer0Frontend/src/lib/components/forms/createNode/shared/KeywordInput.svelte", "Svelte", 0, 0, 0, 0, 0, 0, 0, 0, 0, 272, 0, 0, 8, 37, 317
"/Users/rob/vsCodeProjects/ProjectZer0/ProjectZer0Frontend/src/lib/components/forms/createNode/shared/MessageDisplay.svelte", "Svelte", 0, 0, 0, 0, 0, 0, 0, 0, 0, 33, 0, 0, 1, 5, 39
"/Users/rob/vsCodeProjects/ProjectZer0/ProjectZer0Frontend/src/lib/components/forms/createNode/shared/NodeTypeSelect.svelte", "Svelte", 0, 0, 0, 0, 0, 0, 0, 0, 0, 99, 0, 0, 4, 12, 115
"/Users/rob/vsCodeProjects/ProjectZer0/ProjectZer0Frontend/src/lib/components/forms/createNode/shared/StepIndicator.svelte", "Svelte", 0, 0, 0, 0, 0, 0, 0, 0, 0, 28, 0, 0, 1, 4, 33
"/Users/rob/vsCodeProjects/ProjectZer0/ProjectZer0Frontend/src/lib/components/forms/createNode/statement/StatementAnswerForm.svelte", "Svelte", 0, 0, 0, 0, 0, 0, 0, 0, 0, 207, 0, 0, 6, 26, 239
"/Users/rob/vsCodeProjects/ProjectZer0/ProjectZer0Frontend/src/lib/components/forms/createNode/statement/StatementAnswerReview.svelte", "Svelte", 0, 0, 0, 0, 0, 0, 0, 0, 0, 364, 0, 0, 9, 60, 433
"/Users/rob/vsCodeProjects/ProjectZer0/ProjectZer0Frontend/src/lib/components/forms/createNode/statement/StatementInput.svelte", "Svelte", 0, 0, 0, 0, 0, 0, 0, 0, 0, 142, 0, 0, 6, 20, 168
"/Users/rob/vsCodeProjects/ProjectZer0/ProjectZer0Frontend/src/lib/components/forms/createNode/statement/StatementReview.svelte", "Svelte", 0, 0, 0, 0, 0, 0, 0, 0, 0, 291, 0, 0, 8, 44, 343
"/Users/rob/vsCodeProjects/ProjectZer0/ProjectZer0Frontend/src/lib/components/forms/createNode/word/DefinitionInput.svelte", "Svelte", 0, 0, 0, 0, 0, 0, 0, 0, 0, 112, 0, 0, 5, 16, 133
"/Users/rob/vsCodeProjects/ProjectZer0/ProjectZer0Frontend/src/lib/components/forms/createNode/word/WordInput.svelte", "Svelte", 0, 0, 0, 0, 0, 0, 0, 0, 0, 123, 0, 0, 4, 18, 145
"/Users/rob/vsCodeProjects/ProjectZer0/ProjectZer0Frontend/src/lib/components/forms/createNode/word/WordReview.svelte", "Svelte", 0, 0, 0, 0, 0, 0, 0, 0, 0, 259, 0, 0, 4, 42, 305
"/Users/rob/vsCodeProjects/ProjectZer0/ProjectZer0Frontend/src/lib/components/forms/editProfile/EmailInput.svelte", "Svelte", 0, 0, 0, 0, 0, 0, 0, 0, 0, 57, 0, 0, 3, 6, 66
"/Users/rob/vsCodeProjects/ProjectZer0/ProjectZer0Frontend/src/lib/components/forms/editProfile/MissionStatementInput.svelte", "Svelte", 0, 0, 0, 0, 0, 0, 0, 0, 0, 86, 0, 0, 4, 11, 101
"/Users/rob/vsCodeProjects/ProjectZer0/ProjectZer0Frontend/src/lib/components/forms/editProfile/SaveButton.svelte", "Svelte", 0, 0, 0, 0, 0, 0, 0, 0, 0, 56, 0, 0, 1, 6, 63
"/Users/rob/vsCodeProjects/ProjectZer0/ProjectZer0Frontend/src/lib/components/forms/editProfile/UsernameInput.svelte", "Svelte", 0, 0, 0, 0, 0, 0, 0, 0, 0, 55, 0, 0, 1, 6, 62
"/Users/rob/vsCodeProjects/ProjectZer0/ProjectZer0Frontend/src/lib/components/graph/Graph.svelte", "Svelte", 0, 0, 0, 0, 0, 0, 0, 0, 0, 1024, 0, 0, 7, 188, 1219
"/Users/rob/vsCodeProjects/ProjectZer0/ProjectZer0Frontend/src/lib/components/graph/backgrounds/SvgBackground.ts", "TypeScript", 0, 0, 0, 0, 225, 0, 0, 0, 0, 0, 0, 0, 8, 47, 280
"/Users/rob/vsCodeProjects/ProjectZer0/ProjectZer0Frontend/src/lib/components/graph/backgrounds/backgroundConfig.ts", "TypeScript", 0, 0, 0, 0, 101, 0, 0, 0, 0, 0, 0, 0, 3, 8, 112
"/Users/rob/vsCodeProjects/ProjectZer0/ProjectZer0Frontend/src/lib/components/graph/links/LinkRenderer.svelte", "Svelte", 0, 0, 0, 0, 0, 0, 0, 0, 0, 484, 0, 0, 8, 70, 562
"/Users/rob/vsCodeProjects/ProjectZer0/ProjectZer0Frontend/src/lib/components/graph/nodes/NodeRenderer.svelte", "Svelte", 0, 0, 0, 0, 0, 0, 0, 0, 0, 446, 0, 0, 9, 75, 530
"/Users/rob/vsCodeProjects/ProjectZer0/ProjectZer0Frontend/src/lib/components/graph/nodes/NodeRenderer.test.ts", "TypeScript", 0, 0, 0, 0, 337, 0, 0, 0, 0, 0, 0, 0, 6, 74, 417
"/Users/rob/vsCodeProjects/ProjectZer0/ProjectZer0Frontend/src/lib/components/graph/nodes/answer/AnswerNode.svelte", "Svelte", 0, 0, 0, 0, 0, 0, 0, 0, 0, 390, 0, 0, 16, 53, 459
"/Users/rob/vsCodeProjects/ProjectZer0/ProjectZer0Frontend/src/lib/components/graph/nodes/answer/AnswerNode.test.ts", "TypeScript", 0, 0, 0, 0, 437, 0, 0, 0, 0, 0, 0, 0, 8, 69, 514
"/Users/rob/vsCodeProjects/ProjectZer0/ProjectZer0Frontend/src/lib/components/graph/nodes/base/BaseComponents.test.ts", "TypeScript", 0, 0, 0, 0, 407, 0, 0, 0, 0, 0, 0, 0, 25, 102, 534
"/Users/rob/vsCodeProjects/ProjectZer0/ProjectZer0Frontend/src/lib/components/graph/nodes/base/BaseDetailNode.svelte", "Svelte", 0, 0, 0, 0, 0, 0, 0, 0, 0, 170, 0, 0, 19, 28, 217
"/Users/rob/vsCodeProjects/ProjectZer0/ProjectZer0Frontend/src/lib/components/graph/nodes/base/BaseNode.svelte", "Svelte", 0, 0, 0, 0, 0, 0, 0, 0, 0, 113, 0, 0, 13, 17, 143
"/Users/rob/vsCodeProjects/ProjectZer0/ProjectZer0Frontend/src/lib/components/graph/nodes/base/BasePreviewNode.svelte", "Svelte", 0, 0, 0, 0, 0, 0, 0, 0, 0, 119, 0, 0, 8, 18, 145
"/Users/rob/vsCodeProjects/ProjectZer0/ProjectZer0Frontend/src/lib/components/graph/nodes/base/BaseSvgText.ts", "TypeScript", 0, 0, 0, 0, 32, 0, 0, 0, 0, 0, 0, 0, 21, 7, 60
"/Users/rob/vsCodeProjects/ProjectZer0/ProjectZer0Frontend/src/lib/components/graph/nodes/base/NodeUtils.ts", "TypeScript", 0, 0, 0, 0, 29, 0, 0, 0, 0, 0, 0, 0, 1, 4, 34
"/Users/rob/vsCodeProjects/ProjectZer0/ProjectZer0Frontend/src/lib/components/graph/nodes/base/index.ts", "TypeScript", 0, 0, 0, 0, 5, 0, 0, 0, 0, 0, 0, 0, 1, 0, 6
"/Users/rob/vsCodeProjects/ProjectZer0/ProjectZer0Frontend/src/lib/components/graph/nodes/behaviours/__test__.ts", "TypeScript", 0, 0, 0, 0, 28, 0, 0, 0, 0, 0, 0, 0, 7, 9, 44
"/Users/rob/vsCodeProjects/ProjectZer0/ProjectZer0Frontend/src/lib/components/graph/nodes/behaviours/index.ts", "TypeScript", 0, 0, 0, 0, 4, 0, 0, 0, 0, 0, 0, 0, 2, 6, 12
"/Users/rob/vsCodeProjects/ProjectZer0/ProjectZer0Frontend/src/lib/components/graph/nodes/behaviours/visibilityBehaviour.test.ts", "TypeScript", 0, 0, 0, 0, 669, 0, 0, 0, 0, 0, 0, 0, 32, 204, 905
"/Users/rob/vsCodeProjects/ProjectZer0/ProjectZer0Frontend/src/lib/components/graph/nodes/behaviours/visibilityBehaviour.ts", "TypeScript", 0, 0, 0, 0, 163, 0, 0, 0, 0, 0, 0, 0, 35, 30, 228
"/Users/rob/vsCodeProjects/ProjectZer0/ProjectZer0Frontend/src/lib/components/graph/nodes/behaviours/voteBehaviour.test.ts", "TypeScript", 0, 0, 0, 0, 1370, 0, 0, 0, 0, 0, 0, 0, 36, 333, 1739
"/Users/rob/vsCodeProjects/ProjectZer0/ProjectZer0Frontend/src/lib/components/graph/nodes/behaviours/voteBehaviour.ts", "TypeScript", 0, 0, 0, 0, 365, 0, 0, 0, 0, 0, 0, 0, 72, 74, 511
"/Users/rob/vsCodeProjects/ProjectZer0/ProjectZer0Frontend/src/lib/components/graph/nodes/category/CategoryNode.svelte", "Svelte", 0, 0, 0, 0, 0, 0, 0, 0, 0, 490, 0, 0, 2, 56, 548
"/Users/rob/vsCodeProjects/ProjectZer0/ProjectZer0Frontend/src/lib/components/graph/nodes/category/CategoryNode.test.ts", "TypeScript", 0, 0, 0, 0, 475, 0, 0, 0, 0, 0, 0, 0, 7, 74, 556
"/Users/rob/vsCodeProjects/ProjectZer0/ProjectZer0Frontend/src/lib/components/graph/nodes/comment/CommentNode.svelte", "Svelte", 0, 0, 0, 0, 0, 0, 0, 0, 0, 349, 0, 0, 7, 41, 397
"/Users/rob/vsCodeProjects/ProjectZer0/ProjectZer0Frontend/src/lib/components/graph/nodes/comment/CommentNode.test.ts", "TypeScript", 0, 0, 0, 0, 391, 0, 0, 0, 0, 0, 0, 0, 24, 68, 483
"/Users/rob/vsCodeProjects/ProjectZer0/ProjectZer0Frontend/src/lib/components/graph/nodes/controlNode/ControlNode.svelte", "Svelte", 0, 0, 0, 0, 0, 0, 0, 0, 0, 1151, 0, 0, 26, 141, 1318
"/Users/rob/vsCodeProjects/ProjectZer0/ProjectZer0Frontend/src/lib/components/graph/nodes/createNode/CreateAlternativeDefinitionNode.svelte", "Svelte", 0, 0, 0, 0, 0, 0, 0, 0, 0, 189, 0, 0, 6, 27, 222
"/Users/rob/vsCodeProjects/ProjectZer0/ProjectZer0Frontend/src/lib/components/graph/nodes/createNode/CreateNodeNode.svelte", "Svelte", 0, 0, 0, 0, 0, 0, 0, 0, 0, 515, 0, 0, 9, 41, 565
"/Users/rob/vsCodeProjects/ProjectZer0/ProjectZer0Frontend/src/lib/components/graph/nodes/dashboard/DashboardNode.svelte", "Svelte", 0, 0, 0, 0, 0, 0, 0, 0, 0, 277, 0, 0, 17, 29, 323
"/Users/rob/vsCodeProjects/ProjectZer0/ProjectZer0Frontend/src/lib/components/graph/nodes/definition/DefinitionNode.svelte", "Svelte", 0, 0, 0, 0, 0, 0, 0, 0, 0, 422, 0, 0, 18, 52, 492
"/Users/rob/vsCodeProjects/ProjectZer0/ProjectZer0Frontend/src/lib/components/graph/nodes/definition/DefinitionNode.test.ts", "TypeScript", 0, 0, 0, 0, 359, 0, 0, 0, 0, 0, 0, 0, 6, 61, 426
"/Users/rob/vsCodeProjects/ProjectZer0/ProjectZer0Frontend/src/lib/components/graph/nodes/editProfile/EditProfileNode.svelte", "Svelte", 0, 0, 0, 0, 0, 0, 0, 0, 0, 140, 0, 0, 3, 22, 165
"/Users/rob/vsCodeProjects/ProjectZer0/ProjectZer0Frontend/src/lib/components/graph/nodes/evidence/EvidenceNode.svelte", "Svelte", 0, 0, 0, 0, 0, 0, 0, 0, 0, 1048, 0, 0, 29, 125, 1202
"/Users/rob/vsCodeProjects/ProjectZer0/ProjectZer0Frontend/src/lib/components/graph/nodes/evidence/EvidenceNode.test.ts", "TypeScript", 0, 0, 0, 0, 424, 0, 0, 0, 0, 0, 0, 0, 4, 74, 502
"/Users/rob/vsCodeProjects/ProjectZer0/ProjectZer0Frontend/src/lib/components/graph/nodes/hidden/HiddenNode.svelte", "Svelte", 0, 0, 0, 0, 0, 0, 0, 0, 0, 166, 0, 0, 14, 32, 212
"/Users/rob/vsCodeProjects/ProjectZer0/ProjectZer0Frontend/src/lib/components/graph/nodes/hidden/HiddenNode.test.ts", "TypeScript", 0, 0, 0, 0, 462, 0, 0, 0, 0, 0, 0, 0, 25, 78, 565
"/Users/rob/vsCodeProjects/ProjectZer0/ProjectZer0Frontend/src/lib/components/graph/nodes/index.ts", "TypeScript", 0, 0, 0, 0, 24, 0, 0, 0, 0, 0, 0, 0, 4, 4, 32
"/Users/rob/vsCodeProjects/ProjectZer0/ProjectZer0Frontend/src/lib/components/graph/nodes/navigation/NavigationNode.svelte", "Svelte", 0, 0, 0, 0, 0, 0, 0, 0, 0, 192, 0, 0, 9, 32, 233
"/Users/rob/vsCodeProjects/ProjectZer0/ProjectZer0Frontend/src/lib/components/graph/nodes/navigation/navigationColors.ts", "TypeScript", 0, 0, 0, 0, 18, 0, 0, 0, 0, 0, 0, 0, 1, 3, 22
"/Users/rob/vsCodeProjects/ProjectZer0/ProjectZer0Frontend/src/lib/components/graph/nodes/openquestion/OpenQuestionNode.svelte", "Svelte", 0, 0, 0, 0, 0, 0, 0, 0, 0, 304, 0, 0, 13, 44, 361
"/Users/rob/vsCodeProjects/ProjectZer0/ProjectZer0Frontend/src/lib/components/graph/nodes/openquestion/OpenQuestionNode.test.ts", "TypeScript", 0, 0, 0, 0, 445, 0, 0, 0, 0, 0, 0, 0, 13, 78, 536
"/Users/rob/vsCodeProjects/ProjectZer0/ProjectZer0Frontend/src/lib/components/graph/nodes/quantity/QuantityNode.svelte", "Svelte", 0, 0, 0, 0, 0, 0, 0, 0, 0, 881, 0, 0, 15, 130, 1026
"/Users/rob/vsCodeProjects/ProjectZer0/ProjectZer0Frontend/src/lib/components/graph/nodes/quantity/QuantityNode.test.ts", "TypeScript", 0, 0, 0, 0, 574, 0, 0, 0, 0, 0, 0, 0, 15, 81, 670
"/Users/rob/vsCodeProjects/ProjectZer0/ProjectZer0Frontend/src/lib/components/graph/nodes/quantity/QuantityVisualization.svelte", "Svelte", 0, 0, 0, 0, 0, 0, 0, 0, 0, 705, 0, 0, 1, 114, 820
"/Users/rob/vsCodeProjects/ProjectZer0/ProjectZer0Frontend/src/lib/components/graph/nodes/statement/StatementNode.svelte", "Svelte", 0, 0, 0, 0, 0, 0, 0, 0, 0, 420, 0, 0, 15, 56, 491
"/Users/rob/vsCodeProjects/ProjectZer0/ProjectZer0Frontend/src/lib/components/graph/nodes/statement/StatementNode.test.ts", "TypeScript", 0, 0, 0, 0, 392, 0, 0, 0, 0, 0, 0, 0, 15, 62, 469
"/Users/rob/vsCodeProjects/ProjectZer0/ProjectZer0Frontend/src/lib/components/graph/nodes/ui/AnswerQuestionButton.svelte", "Svelte", 0, 0, 0, 0, 0, 0, 0, 0, 0, 119, 0, 0, 6, 23, 148
"/Users/rob/vsCodeProjects/ProjectZer0/ProjectZer0Frontend/src/lib/components/graph/nodes/ui/CategoryTags.svelte", "Svelte", 0, 0, 0, 0, 0, 0, 0, 0, 0, 111, 0, 0, 7, 19, 137
"/Users/rob/vsCodeProjects/ProjectZer0/ProjectZer0Frontend/src/lib/components/graph/nodes/ui/ContentBox.svelte", "Svelte", 0, 0, 0, 0, 0, 0, 0, 0, 0, 836, 0, 0, 8, 77, 921
"/Users/rob/vsCodeProjects/ProjectZer0/ProjectZer0Frontend/src/lib/components/graph/nodes/ui/ContentVoteButtons.svelte", "Svelte", 0, 0, 0, 0, 0, 0, 0, 0, 0, 371, 0, 0, 13, 57, 441
"/Users/rob/vsCodeProjects/ProjectZer0/ProjectZer0Frontend/src/lib/components/graph/nodes/ui/ContentVoteButtons.test.ts", "TypeScript", 0, 0, 0, 0, 585, 0, 0, 0, 0, 0, 0, 0, 12, 101, 698
"/Users/rob/vsCodeProjects/ProjectZer0/ProjectZer0Frontend/src/lib/components/graph/nodes/ui/CreateLinkedNodeButton.svelte", "Svelte", 0, 0, 0, 0, 0, 0, 0, 0, 0, 126, 0, 0, 6, 23, 155
"/Users/rob/vsCodeProjects/ProjectZer0/ProjectZer0Frontend/src/lib/components/graph/nodes/ui/CreatorCredits.svelte", "Svelte", 0, 0, 0, 0, 0, 0, 0, 0, 0, 30, 0, 0, 1, 4, 35
"/Users/rob/vsCodeProjects/ProjectZer0/ProjectZer0Frontend/src/lib/components/graph/nodes/ui/DiscussButton.svelte", "Svelte", 0, 0, 0, 0, 0, 0, 0, 0, 0, 119, 0, 0, 6, 23, 148
"/Users/rob/vsCodeProjects/ProjectZer0/ProjectZer0Frontend/src/lib/components/graph/nodes/ui/ExpandCollapseButton.svelte", "Svelte", 0, 0, 0, 0, 0, 0, 0, 0, 0, 125, 0, 0, 5, 20, 150
"/Users/rob/vsCodeProjects/ProjectZer0/ProjectZer0Frontend/src/lib/components/graph/nodes/ui/InclusionVoteButtons.svelte", "Svelte", 0, 0, 0, 0, 0, 0, 0, 0, 0, 349, 0, 0, 13, 53, 415
"/Users/rob/vsCodeProjects/ProjectZer0/ProjectZer0Frontend/src/lib/components/graph/nodes/ui/InclusionVoteButtons.test.ts", "TypeScript", 0, 0, 0, 0, 586, 0, 0, 0, 0, 0, 0, 0, 13, 101, 700
"/Users/rob/vsCodeProjects/ProjectZer0/ProjectZer0Frontend/src/lib/components/graph/nodes/ui/KeywordTags.svelte", "Svelte", 0, 0, 0, 0, 0, 0, 0, 0, 0, 109, 0, 0, 7, 19, 135
"/Users/rob/vsCodeProjects/ProjectZer0/ProjectZer0Frontend/src/lib/components/graph/nodes/ui/NodeHeader.svelte", "Svelte", 0, 0, 0, 0, 0, 0, 0, 0, 0, 52, 0, 0, 1, 8, 61
"/Users/rob/vsCodeProjects/ProjectZer0/ProjectZer0Frontend/src/lib/components/graph/nodes/ui/NodeMetadata.svelte", "Svelte", 0, 0, 0, 0, 0, 0, 0, 0, 0, 77, 0, 0, 3, 7, 87
"/Users/rob/vsCodeProjects/ProjectZer0/ProjectZer0Frontend/src/lib/components/graph/nodes/ui/ReplyButton.svelte", "Svelte", 0, 0, 0, 0, 0, 0, 0, 0, 0, 119, 0, 0, 6, 23, 148
"/Users/rob/vsCodeProjects/ProjectZer0/ProjectZer0Frontend/src/lib/components/graph/nodes/ui/ShowHideButton.svelte", "Svelte", 0, 0, 0, 0, 0, 0, 0, 0, 0, 121, 0, 0, 6, 21, 148
"/Users/rob/vsCodeProjects/ProjectZer0/ProjectZer0Frontend/src/lib/components/graph/nodes/ui/ShowHideButton.test.ts", "TypeScript", 0, 0, 0, 0, 355, 0, 0, 0, 0, 0, 0, 0, 9, 76, 440
"/Users/rob/vsCodeProjects/ProjectZer0/ProjectZer0Frontend/src/lib/components/graph/nodes/ui/TextContent.svelte", "Svelte", 0, 0, 0, 0, 0, 0, 0, 0, 0, 42, 0, 0, 1, 5, 48
"/Users/rob/vsCodeProjects/ProjectZer0/ProjectZer0Frontend/src/lib/components/graph/nodes/ui/VoteStats.svelte", "Svelte", 0, 0, 0, 0, 0, 0, 0, 0, 0, 227, 0, 0, 9, 15, 251
"/Users/rob/vsCodeProjects/ProjectZer0/ProjectZer0Frontend/src/lib/components/graph/nodes/ui/VoteStats.test.ts", "TypeScript", 0, 0, 0, 0, 574, 0, 0, 0, 0, 0, 0, 0, 16, 85, 675
"/Users/rob/vsCodeProjects/ProjectZer0/ProjectZer0Frontend/src/lib/components/graph/nodes/ui/index.ts", "TypeScript", 0, 0, 0, 0, 16, 0, 0, 0, 0, 0, 0, 0, 3, 2, 21
"/Users/rob/vsCodeProjects/ProjectZer0/ProjectZer0Frontend/src/lib/components/graph/nodes/utils/index.ts", "TypeScript", 0, 0, 0, 0, 2, 0, 0, 0, 0, 0, 0, 0, 3, 2, 7
"/Users/rob/vsCodeProjects/ProjectZer0/ProjectZer0Frontend/src/lib/components/graph/nodes/utils/nodeStyles.ts", "TypeScript", 0, 0, 0, 0, 38, 0, 0, 0, 0, 0, 0, 0, 1, 2, 41
"/Users/rob/vsCodeProjects/ProjectZer0/ProjectZer0Frontend/src/lib/components/graph/nodes/utils/nodeUtils.ts", "TypeScript", 0, 0, 0, 0, 54, 0, 0, 0, 0, 0, 0, 0, 12, 11, 77
"/Users/rob/vsCodeProjects/ProjectZer0/ProjectZer0Frontend/src/lib/components/graph/nodes/utils/textUtils.ts", "TypeScript", 0, 0, 0, 0, 161, 0, 0, 0, 0, 0, 0, 0, 66, 27, 254
"/Users/rob/vsCodeProjects/ProjectZer0/ProjectZer0Frontend/src/lib/components/graph/nodes/utils/voteColorUtils.ts", "TypeScript", 0, 0, 0, 0, 56, 0, 0, 0, 0, 0, 0, 0, 70, 17, 143
"/Users/rob/vsCodeProjects/ProjectZer0/ProjectZer0Frontend/src/lib/components/graph/nodes/word/WordNode.svelte", "Svelte", 0, 0, 0, 0, 0, 0, 0, 0, 0, 272, 0, 0, 16, 35, 323
"/Users/rob/vsCodeProjects/ProjectZer0/ProjectZer0Frontend/src/lib/components/graph/nodes/word/WordNode.test.ts", "TypeScript", 0, 0, 0, 0, 290, 0, 0, 0, 0, 0, 0, 0, 18, 50, 358
"/Users/rob/vsCodeProjects/ProjectZer0/ProjectZer0Frontend/src/lib/components/welcome/Background.ts", "TypeScript", 0, 0, 0, 0, 153, 0, 0, 0, 0, 0, 0, 0, 8, 29, 190
"/Users/rob/vsCodeProjects/ProjectZer0/ProjectZer0Frontend/src/lib/components/welcome/ThreeJSWelcomeScene.test.ts", "TypeScript", 0, 0, 0, 0, 16, 0, 0, 0, 0, 0, 0, 0, 166, 45, 227
"/Users/rob/vsCodeProjects/ProjectZer0/ProjectZer0Frontend/src/lib/components/welcome/ThreeJsWelcomeScene.svelte", "Svelte", 0, 0, 0, 0, 0, 0, 0, 0, 0, 150, 0, 0, 0, 23, 173
"/Users/rob/vsCodeProjects/ProjectZer0/ProjectZer0Frontend/src/lib/components/welcome/constants.ts", "TypeScript", 0, 0, 0, 0, 41, 0, 0, 0, 0, 0, 0, 0, 1, 7, 49
"/Users/rob/vsCodeProjects/ProjectZer0/ProjectZer0Frontend/src/lib/constants/colors.ts", "TypeScript", 0, 0, 0, 0, 54, 0, 0, 0, 0, 0, 0, 0, 10, 15, 79
"/Users/rob/vsCodeProjects/ProjectZer0/ProjectZer0Frontend/src/lib/constants/graph/coordinate-space.ts", "TypeScript", 0, 0, 0, 0, 195, 0, 0, 0, 0, 0, 0, 0, 13, 5, 213
"/Users/rob/vsCodeProjects/ProjectZer0/ProjectZer0Frontend/src/lib/constants/graph/force-simulation.ts", "TypeScript", 0, 0, 0, 0, 73, 0, 0, 0, 0, 0, 0, 0, 3, 2, 78
"/Users/rob/vsCodeProjects/ProjectZer0/ProjectZer0Frontend/src/lib/constants/graph/index.ts", "TypeScript", 0, 0, 0, 0, 4, 0, 0, 0, 0, 0, 0, 0, 1, 0, 5
"/Users/rob/vsCodeProjects/ProjectZer0/ProjectZer0Frontend/src/lib/constants/graph/links.ts", "TypeScript", 0, 0, 0, 0, 73, 0, 0, 0, 0, 0, 0, 0, 18, 4, 95
"/Users/rob/vsCodeProjects/ProjectZer0/ProjectZer0Frontend/src/lib/constants/graph/nodes.ts", "TypeScript", 0, 0, 0, 0, 185, 0, 0, 0, 0, 0, 0, 0, 2, 15, 202
"/Users/rob/vsCodeProjects/ProjectZer0/ProjectZer0Frontend/src/lib/constants/graph/universal-graph.ts", "TypeScript", 0, 0, 0, 0, 187, 0, 0, 0, 0, 0, 0, 0, 18, 10, 215
"/Users/rob/vsCodeProjects/ProjectZer0/ProjectZer0Frontend/src/lib/constants/graph/voting.ts", "TypeScript", 0, 0, 0, 0, 38, 0, 0, 0, 0, 0, 0, 0, 77, 14, 129
"/Users/rob/vsCodeProjects/ProjectZer0/ProjectZer0Frontend/src/lib/constants/validation.ts", "TypeScript", 0, 0, 0, 0, 9, 0, 0, 0, 0, 0, 0, 0, 1, 0, 10
"/Users/rob/vsCodeProjects/ProjectZer0/ProjectZer0Frontend/src/lib/index.ts", "TypeScript", 0, 0, 0, 0, 0, 0, 0, 0, 0, 0, 0, 0, 1, 1, 2
"/Users/rob/vsCodeProjects/ProjectZer0/ProjectZer0Frontend/src/lib/services/api.test.ts", "TypeScript", 0, 0, 0, 0, 87, 0, 0, 0, 0, 0, 0, 0, 5, 17, 109
"/Users/rob/vsCodeProjects/ProjectZer0/ProjectZer0Frontend/src/lib/services/api.ts", "TypeScript", 0, 0, 0, 0, 39, 0, 0, 0, 0, 0, 0, 0, 1, 5, 45
"/Users/rob/vsCodeProjects/ProjectZer0/ProjectZer0Frontend/src/lib/services/auth0.test.ts", "TypeScript", 0, 0, 0, 0, 104, 0, 0, 0, 0, 0, 0, 0, 1, 26, 131
"/Users/rob/vsCodeProjects/ProjectZer0/ProjectZer0Frontend/src/lib/services/auth0.ts", "TypeScript", 0, 0, 0, 0, 43, 0, 0, 0, 0, 0, 0, 0, 2, 7, 52
"/Users/rob/vsCodeProjects/ProjectZer0/ProjectZer0Frontend/src/lib/services/discussionService.ts", "TypeScript", 0, 0, 0, 0, 219, 0, 0, 0, 0, 0, 0, 0, 53, 40, 312
"/Users/rob/vsCodeProjects/ProjectZer0/ProjectZer0Frontend/src/lib/services/graph/CategoryExpansionService.ts", "TypeScript", 0, 0, 0, 0, 21, 0, 0, 0, 0, 0, 0, 0, 7, 5, 33
"/Users/rob/vsCodeProjects/ProjectZer0/ProjectZer0Frontend/src/lib/services/graph/CoordinateSystem.test.ts", "TypeScript", 0, 0, 0, 0, 139, 0, 0, 0, 0, 0, 0, 0, 22, 44, 205
"/Users/rob/vsCodeProjects/ProjectZer0/ProjectZer0Frontend/src/lib/services/graph/CoordinateSystem.ts", "TypeScript", 0, 0, 0, 0, 146, 0, 0, 0, 0, 0, 0, 0, 68, 37, 251
"/Users/rob/vsCodeProjects/ProjectZer0/ProjectZer0Frontend/src/lib/services/graph/GraphLayoutTransformer.test.ts", "TypeScript", 0, 0, 0, 0, 294, 0, 0, 0, 0, 0, 0, 0, 36, 46, 376
"/Users/rob/vsCodeProjects/ProjectZer0/ProjectZer0Frontend/src/lib/services/graph/GraphLayoutTransformer.ts", "TypeScript", 0, 0, 0, 0, 204, 0, 0, 0, 0, 0, 0, 0, 34, 37, 275
"/Users/rob/vsCodeProjects/ProjectZer0/ProjectZer0Frontend/src/lib/services/graph/GraphManager.test.ts", "TypeScript", 0, 0, 0, 0, 447, 0, 0, 0, 0, 0, 0, 0, 65, 75, 587
"/Users/rob/vsCodeProjects/ProjectZer0/ProjectZer0Frontend/src/lib/services/graph/GraphManager.ts", "TypeScript", 0, 0, 0, 0, 1226, 0, 0, 0, 0, 0, 0, 0, 284, 236, 1746
"/Users/rob/vsCodeProjects/ProjectZer0/ProjectZer0Frontend/src/lib/services/graph/RadialBatchRenderer.ts", "TypeScript", 0, 0, 0, 0, 0, 0, 0, 0, 0, 0, 0, 0, 308, 53, 361
"/Users/rob/vsCodeProjects/ProjectZer0/ProjectZer0Frontend/src/lib/services/graph/SequentialBatchManager.ts", "TypeScript", 0, 0, 0, 0, 0, 0, 0, 0, 0, 0, 0, 0, 363, 67, 430
"/Users/rob/vsCodeProjects/ProjectZer0/ProjectZer0Frontend/src/lib/services/graph/SpiralBatchRenderer.ts", "TypeScript", 0, 0, 0, 0, 0, 0, 0, 0, 0, 0, 0, 0, 307, 56, 363
"/Users/rob/vsCodeProjects/ProjectZer0/ProjectZer0Frontend/src/lib/services/graph/UniversalGraphManager.ts", "TypeScript", 0, 0, 0, 0, 1661, 0, 0, 0, 0, 0, 0, 0, 15, 266, 1942
"/Users/rob/vsCodeProjects/ProjectZer0/ProjectZer0Frontend/src/lib/services/graph/WordExpansionService.ts", "TypeScript", 0, 0, 0, 0, 56, 0, 0, 0, 0, 0, 0, 0, 5, 5, 66
"/Users/rob/vsCodeProjects/ProjectZer0/ProjectZer0Frontend/src/lib/services/graph/layouts/BaseLayoutStrategy.ts", "TypeScript", 0, 0, 0, 0, 275, 0, 0, 0, 0, 0, 0, 0, 111, 59, 445
"/Users/rob/vsCodeProjects/ProjectZer0/ProjectZer0Frontend/src/lib/services/graph/layouts/DiscussionLayout.ts", "TypeScript", 0, 0, 0, 0, 769, 0, 0, 0, 0, 0, 0, 0, 332, 241, 1342
"/Users/rob/vsCodeProjects/ProjectZer0/ProjectZer0Frontend/src/lib/services/graph/layouts/OpenQuestionAnswerLayout.ts", "TypeScript", 0, 0, 0, 0, 573, 0, 0, 0, 0, 0, 0, 0, 89, 123, 785
"/Users/rob/vsCodeProjects/ProjectZer0/ProjectZer0Frontend/src/lib/services/graph/layouts/SingleNodeLayout.ts", "TypeScript", 0, 0, 0, 0, 218, 0, 0, 0, 0, 0, 0, 0, 80, 59, 357
"/Users/rob/vsCodeProjects/ProjectZer0/ProjectZer0Frontend/src/lib/services/graph/layouts/StatementNetworkLayout.ts", "TypeScript", 0, 0, 0, 0, 589, 0, 0, 0, 0, 0, 0, 0, 263, 192, 1044
"/Users/rob/vsCodeProjects/ProjectZer0/ProjectZer0Frontend/src/lib/services/graph/layouts/WordDefinitionLayout.ts", "TypeScript", 0, 0, 0, 0, 513, 0, 0, 0, 0, 0, 0, 0, 173, 123, 809
"/Users/rob/vsCodeProjects/ProjectZer0/ProjectZer0Frontend/src/lib/services/graph/layouts/common/NavigationNodeLayout.ts", "TypeScript", 0, 0, 0, 0, 278, 0, 0, 0, 0, 0, 0, 0, 108, 58, 444
"/Users/rob/vsCodeProjects/ProjectZer0/ProjectZer0Frontend/src/lib/services/graph/universal/NavigationRingPositioning.ts", "TypeScript", 0, 0, 0, 0, 66, 0, 0, 0, 0, 0, 0, 0, 26, 17, 109
"/Users/rob/vsCodeProjects/ProjectZer0/ProjectZer0Frontend/src/lib/services/graph/universal/UniversalConstants.ts", "TypeScript", 0, 0, 0, 0, 45, 0, 0, 0, 0, 0, 0, 0, 31, 13, 89
"/Users/rob/vsCodeProjects/ProjectZer0/ProjectZer0Frontend/src/lib/services/graph/universal/UniversalD3Simulation.ts", "TypeScript", 0, 0, 0, 0, 525, 0, 0, 0, 0, 0, 0, 0, 171, 131, 827
"/Users/rob/vsCodeProjects/ProjectZer0/ProjectZer0Frontend/src/lib/services/graph/universal/UniversalForceConfig.ts", "TypeScript", 0, 0, 0, 0, 73, 0, 0, 0, 0, 0, 0, 0, 13, 8, 94
"/Users/rob/vsCodeProjects/ProjectZer0/ProjectZer0Frontend/src/lib/services/graph/universal/UniversalOpacityController.ts", "TypeScript", 0, 0, 0, 0, 488, 0, 0, 0, 0, 0, 0, 0, 179, 146, 813
"/Users/rob/vsCodeProjects/ProjectZer0/ProjectZer0Frontend/src/lib/services/graph/universal/UniversalPositioning.ts", "TypeScript", 0, 0, 0, 0, 225, 0, 0, 0, 0, 0, 0, 0, 78, 41, 344
"/Users/rob/vsCodeProjects/ProjectZer0/ProjectZer0Frontend/src/lib/services/graph/universal/UniversalRenderingStrategy.ts", "TypeScript", 0, 0, 0, 0, 237, 0, 0, 0, 0, 0, 0, 0, 57, 52, 346
"/Users/rob/vsCodeProjects/ProjectZer0/ProjectZer0Frontend/src/lib/services/navigation.ts", "TypeScript", 0, 0, 0, 0, 340, 0, 0, 0, 0, 0, 0, 0, 66, 34, 440
"/Users/rob/vsCodeProjects/ProjectZer0/ProjectZer0Frontend/src/lib/services/openQuestion.ts", "TypeScript", 0, 0, 0, 0, 112, 0, 0, 0, 0, 0, 0, 0, 18, 10, 140
"/Users/rob/vsCodeProjects/ProjectZer0/ProjectZer0Frontend/src/lib/services/quantity.test.ts", "TypeScript", 0, 0, 0, 0, 201, 0, 0, 0, 0, 0, 0, 0, 1, 57, 259
"/Users/rob/vsCodeProjects/ProjectZer0/ProjectZer0Frontend/src/lib/services/quantity.ts", "TypeScript", 0, 0, 0, 0, 90, 0, 0, 0, 0, 0, 0, 0, 1, 7, 98
"/Users/rob/vsCodeProjects/ProjectZer0/ProjectZer0Frontend/src/lib/services/statement.test.ts", "TypeScript", 0, 0, 0, 0, 166, 0, 0, 0, 0, 0, 0, 0, 2, 37, 205
"/Users/rob/vsCodeProjects/ProjectZer0/ProjectZer0Frontend/src/lib/services/statement.ts", "TypeScript", 0, 0, 0, 0, 56, 0, 0, 0, 0, 0, 0, 0, 6, 5, 67
"/Users/rob/vsCodeProjects/ProjectZer0/ProjectZer0Frontend/src/lib/services/units.ts", "TypeScript", 0, 0, 0, 0, 208, 0, 0, 0, 0, 0, 0, 0, 62, 43, 313
"/Users/rob/vsCodeProjects/ProjectZer0/ProjectZer0Frontend/src/lib/services/userActivity.ts", "TypeScript", 0, 0, 0, 0, 21, 0, 0, 0, 0, 0, 0, 0, 1, 2, 24
"/Users/rob/vsCodeProjects/ProjectZer0/ProjectZer0Frontend/src/lib/services/userLookup.ts", "TypeScript", 0, 0, 0, 0, 11, 0, 0, 0, 0, 0, 0, 0, 0, 1, 12
"/Users/rob/vsCodeProjects/ProjectZer0/ProjectZer0Frontend/src/lib/services/userProfile.test.ts", "TypeScript", 0, 0, 0, 0, 40, 0, 0, 0, 0, 0, 0, 0, 2, 13, 55
"/Users/rob/vsCodeProjects/ProjectZer0/ProjectZer0Frontend/src/lib/services/userProfile.ts", "TypeScript", 0, 0, 0, 0, 15, 0, 0, 0, 0, 0, 0, 0, 1, 1, 17
"/Users/rob/vsCodeProjects/ProjectZer0/ProjectZer0Frontend/src/lib/services/word.test.ts", "TypeScript", 0, 0, 0, 0, 80, 0, 0, 0, 0, 0, 0, 0, 1, 30, 111
"/Users/rob/vsCodeProjects/ProjectZer0/ProjectZer0Frontend/src/lib/services/word.ts", "TypeScript", 0, 0, 0, 0, 29, 0, 0, 0, 0, 0, 0, 0, 1, 4, 34
"/Users/rob/vsCodeProjects/ProjectZer0/ProjectZer0Frontend/src/lib/stores/JWTStore.test.ts", "TypeScript", 0, 0, 0, 0, 17, 0, 0, 0, 0, 0, 0, 0, 0, 3, 20
"/Users/rob/vsCodeProjects/ProjectZer0/ProjectZer0Frontend/src/lib/stores/JWTStore.ts", "TypeScript", 0, 0, 0, 0, 17, 0, 0, 0, 0, 0, 0, 0, 1, 3, 21
"/Users/rob/vsCodeProjects/ProjectZer0/ProjectZer0Frontend/src/lib/stores/categoryListStore.ts", "TypeScript", 0, 0, 0, 0, 189, 0, 0, 0, 0, 0, 0, 0, 44, 40, 273
"/Users/rob/vsCodeProjects/ProjectZer0/ProjectZer0Frontend/src/lib/stores/discussionStore.ts", "TypeScript", 0, 0, 0, 0, 433, 0, 0, 0, 0, 0, 0, 0, 71, 93, 597
"/Users/rob/vsCodeProjects/ProjectZer0/ProjectZer0Frontend/src/lib/stores/graphFilterStore.test.ts", "TypeScript", 0, 0, 0, 0, 214, 0, 0, 0, 0, 0, 0, 0, 27, 57, 298
"/Users/rob/vsCodeProjects/ProjectZer0/ProjectZer0Frontend/src/lib/stores/graphFilterStore.ts", "TypeScript", 0, 0, 0, 0, 163, 0, 0, 0, 0, 0, 0, 0, 54, 37, 254
"/Users/rob/vsCodeProjects/ProjectZer0/ProjectZer0Frontend/src/lib/stores/graphStore.ts", "TypeScript", 0, 0, 0, 0, 295, 0, 0, 0, 0, 0, 0, 0, 37, 54, 386
"/Users/rob/vsCodeProjects/ProjectZer0/ProjectZer0Frontend/src/lib/stores/openQuestionStore.ts", "TypeScript", 0, 0, 0, 0, 63, 0, 0, 0, 0, 0, 0, 0, 2, 11, 76
"/Users/rob/vsCodeProjects/ProjectZer0/ProjectZer0Frontend/src/lib/stores/openQuestionViewStore.ts", "TypeScript", 0, 0, 0, 0, 156, 0, 0, 0, 0, 0, 0, 0, 25, 35, 216
"/Users/rob/vsCodeProjects/ProjectZer0/ProjectZer0Frontend/src/lib/stores/quantityStore.ts", "TypeScript", 0, 0, 0, 0, 61, 0, 0, 0, 0, 0, 0, 0, 2, 10, 73
"/Users/rob/vsCodeProjects/ProjectZer0/ProjectZer0Frontend/src/lib/stores/statementNetworkStore.ts", "TypeScript", 0, 0, 0, 0, 357, 0, 0, 0, 0, 0, 0, 0, 74, 72, 503
"/Users/rob/vsCodeProjects/ProjectZer0/ProjectZer0Frontend/src/lib/stores/statementStore.test.ts", "TypeScript", 0, 0, 0, 0, 86, 0, 0, 0, 0, 0, 0, 0, 7, 22, 115
"/Users/rob/vsCodeProjects/ProjectZer0/ProjectZer0Frontend/src/lib/stores/statementStore.ts", "TypeScript", 0, 0, 0, 0, 61, 0, 0, 0, 0, 0, 0, 0, 2, 10, 73
"/Users/rob/vsCodeProjects/ProjectZer0/ProjectZer0Frontend/src/lib/stores/unitPreferenceStore.ts", "TypeScript", 0, 0, 0, 0, 175, 0, 0, 0, 0, 0, 0, 0, 24, 30, 229
"/Users/rob/vsCodeProjects/ProjectZer0/ProjectZer0Frontend/src/lib/stores/universalGraphStore.ts", "TypeScript", 0, 0, 0, 0, 503, 0, 0, 0, 0, 0, 0, 0, 57, 111, 671
"/Users/rob/vsCodeProjects/ProjectZer0/ProjectZer0Frontend/src/lib/stores/userStore.test.ts", "TypeScript", 0, 0, 0, 0, 46, 0, 0, 0, 0, 0, 0, 0, 0, 10, 56
"/Users/rob/vsCodeProjects/ProjectZer0/ProjectZer0Frontend/src/lib/stores/userStore.ts", "TypeScript", 0, 0, 0, 0, 3, 0, 0, 0, 0, 0, 0, 0, 1, 1, 5
"/Users/rob/vsCodeProjects/ProjectZer0/ProjectZer0Frontend/src/lib/stores/visibilityPreferenceStore.ts", "TypeScript", 0, 0, 0, 0, 259, 0, 0, 0, 0, 0, 0, 0, 39, 50, 348
"/Users/rob/vsCodeProjects/ProjectZer0/ProjectZer0Frontend/src/lib/stores/wordListStore.ts", "TypeScript", 0, 0, 0, 0, 203, 0, 0, 0, 0, 0, 0, 0, 50, 40, 293
"/Users/rob/vsCodeProjects/ProjectZer0/ProjectZer0Frontend/src/lib/stores/wordStore.test.ts", "TypeScript", 0, 0, 0, 0, 92, 0, 0, 0, 0, 0, 0, 0, 7, 21, 120
"/Users/rob/vsCodeProjects/ProjectZer0/ProjectZer0Frontend/src/lib/stores/wordStore.ts", "TypeScript", 0, 0, 0, 0, 63, 0, 0, 0, 0, 0, 0, 0, 2, 11, 76
"/Users/rob/vsCodeProjects/ProjectZer0/ProjectZer0Frontend/src/lib/stores/wordViewStore.ts", "TypeScript", 0, 0, 0, 0, 129, 0, 0, 0, 0, 0, 0, 0, 19, 28, 176
"/Users/rob/vsCodeProjects/ProjectZer0/ProjectZer0Frontend/src/lib/styles/forms.css", "PostCSS", 0, 0, 0, 0, 0, 0, 0, 0, 99, 0, 0, 0, 1, 14, 114
"/Users/rob/vsCodeProjects/ProjectZer0/ProjectZer0Frontend/src/lib/styles/forms.ts", "TypeScript", 0, 0, 0, 0, 50, 0, 0, 0, 0, 0, 0, 0, 1, 0, 51
"/Users/rob/vsCodeProjects/ProjectZer0/ProjectZer0Frontend/src/lib/types/domain/navigation.ts", "TypeScript", 0, 0, 0, 0, 5, 0, 0, 0, 0, 0, 0, 0, 1, 0, 6
"/Users/rob/vsCodeProjects/ProjectZer0/ProjectZer0Frontend/src/lib/types/domain/nodes.ts", "TypeScript", 0, 0, 0, 0, 300, 0, 0, 0, 0, 0, 0, 0, 27, 17, 344
"/Users/rob/vsCodeProjects/ProjectZer0/ProjectZer0Frontend/src/lib/types/domain/user.ts", "TypeScript", 0, 0, 0, 0, 33, 0, 0, 0, 0, 0, 0, 0, 5, 4, 42
"/Users/rob/vsCodeProjects/ProjectZer0/ProjectZer0Frontend/src/lib/types/graph/background.ts", "TypeScript", 0, 0, 0, 0, 100, 0, 0, 0, 0, 0, 0, 0, 3, 8, 111
"/Users/rob/vsCodeProjects/ProjectZer0/ProjectZer0Frontend/src/lib/types/graph/enhanced.ts", "TypeScript", 0, 0, 0, 0, 395, 0, 0, 0, 0, 0, 0, 0, 84, 91, 570
"/Users/rob/vsCodeProjects/ProjectZer0/ProjectZer0Frontend/src/lib/types/graph/props.ts", "TypeScript", 0, 0, 0, 0, 17, 0, 0, 0, 0, 0, 0, 0, 5, 4, 26
"/Users/rob/vsCodeProjects/ProjectZer0/ProjectZer0Frontend/src/lib/types/svg.ts", "TypeScript", 0, 0, 0, 0, 41, 0, 0, 0, 0, 0, 0, 0, 1, 5, 47
"/Users/rob/vsCodeProjects/ProjectZer0/ProjectZer0Frontend/src/lib/types/welcome.ts", "TypeScript", 0, 0, 0, 0, 13, 0, 0, 0, 0, 0, 0, 0, 1, 2, 16
"/Users/rob/vsCodeProjects/ProjectZer0/ProjectZer0Frontend/src/lib/utils/canvasAnimations.ts", "TypeScript", 0, 0, 0, 0, 44, 0, 0, 0, 0, 0, 0, 0, 1, 5, 50
"/Users/rob/vsCodeProjects/ProjectZer0/ProjectZer0Frontend/src/lib/utils/neo4j-utils.test.ts", "TypeScript", 0, 0, 0, 0, 51, 0, 0, 0, 0, 0, 0, 0, 1, 10, 62
"/Users/rob/vsCodeProjects/ProjectZer0/ProjectZer0Frontend/src/lib/utils/neo4j-utils.ts", "TypeScript", 0, 0, 0, 0, 28, 0, 0, 0, 0, 0, 0, 0, 16, 6, 50
"/Users/rob/vsCodeProjects/ProjectZer0/ProjectZer0Frontend/src/lib/utils/svgAnimations.ts", "TypeScript", 0, 0, 0, 0, 64, 0, 0, 0, 0, 0, 0, 0, 5, 11, 80
"/Users/rob/vsCodeProjects/ProjectZer0/ProjectZer0Frontend/src/routes/+layout.svelte", "Svelte", 0, 0, 0, 0, 0, 0, 0, 0, 0, 4, 0, 0, 0, 1, 5
"/Users/rob/vsCodeProjects/ProjectZer0/ProjectZer0Frontend/src/routes/+page.svelte", "Svelte", 0, 0, 0, 0, 0, 0, 0, 0, 0, 114, 0, 0, 0, 17, 131
"/Users/rob/vsCodeProjects/ProjectZer0/ProjectZer0Frontend/src/routes/graph/[...catchAll]/+page.svelte", "Svelte", 0, 0, 0, 0, 0, 0, 0, 0, 0, 27, 0, 0, 1, 4, 32
"/Users/rob/vsCodeProjects/ProjectZer0/ProjectZer0Frontend/src/routes/graph/[...catchAll]/+page.ts", "TypeScript", 0, 0, 0, 0, 16, 0, 0, 0, 0, 0, 0, 0, 4, 6, 26
"/Users/rob/vsCodeProjects/ProjectZer0/ProjectZer0Frontend/src/routes/graph/create-definition/+page.svelte", "Svelte", 0, 0, 0, 0, 0, 0, 0, 0, 0, 224, 0, 0, 2, 29, 255
"/Users/rob/vsCodeProjects/ProjectZer0/ProjectZer0Frontend/src/routes/graph/create-definition/+page.ts", "TypeScript", 0, 0, 0, 0, 32, 0, 0, 0, 0, 0, 0, 0, 4, 6, 42
"/Users/rob/vsCodeProjects/ProjectZer0/ProjectZer0Frontend/src/routes/graph/create-node/+page.svelte", "Svelte", 0, 0, 0, 0, 0, 0, 0, 0, 0, 183, 0, 0, 2, 24, 209
"/Users/rob/vsCodeProjects/ProjectZer0/ProjectZer0Frontend/src/routes/graph/create-node/+page.ts", "TypeScript", 0, 0, 0, 0, 12, 0, 0, 0, 0, 0, 0, 0, 1, 2, 15
"/Users/rob/vsCodeProjects/ProjectZer0/ProjectZer0Frontend/src/routes/graph/dashboard/+page.svelte", "Svelte", 0, 0, 0, 0, 0, 0, 0, 0, 0, 190, 0, 0, 2, 24, 216
"/Users/rob/vsCodeProjects/ProjectZer0/ProjectZer0Frontend/src/routes/graph/dashboard/+page.ts", "TypeScript", 0, 0, 0, 0, 12, 0, 0, 0, 0, 0, 0, 0, 1, 2, 15
"/Users/rob/vsCodeProjects/ProjectZer0/ProjectZer0Frontend/src/routes/graph/discussion/[nodeType]/[nodeId]/+page.svelte", "Svelte", 0, 0, 0, 0, 0, 0, 0, 0, 0, 789, 0, 0, 2, 112, 903
"/Users/rob/vsCodeProjects/ProjectZer0/ProjectZer0Frontend/src/routes/graph/discussion/[nodeType]/[nodeId]/+page.ts", "TypeScript", 0, 0, 0, 0, 22, 0, 0, 0, 0, 0, 0, 0, 4, 4, 30
"/Users/rob/vsCodeProjects/ProjectZer0/ProjectZer0Frontend/src/routes/graph/edit-profile/+page.svelte", "Svelte", 0, 0, 0, 0, 0, 0, 0, 0, 0, 183, 0, 0, 2, 24, 209
"/Users/rob/vsCodeProjects/ProjectZer0/ProjectZer0Frontend/src/routes/graph/edit-profile/+page.ts", "TypeScript", 0, 0, 0, 0, 12, 0, 0, 0, 0, 0, 0, 0, 1, 2, 15
"/Users/rob/vsCodeProjects/ProjectZer0/ProjectZer0Frontend/src/routes/graph/openquestion/+page.svelte", "Svelte", 0, 0, 0, 0, 0, 0, 0, 0, 0, 624, 0, 0, 2, 92, 718
"/Users/rob/vsCodeProjects/ProjectZer0/ProjectZer0Frontend/src/routes/graph/openquestion/+page.ts", "TypeScript", 0, 0, 0, 0, 33, 0, 0, 0, 0, 0, 0, 0, 4, 6, 43
"/Users/rob/vsCodeProjects/ProjectZer0/ProjectZer0Frontend/src/routes/graph/quantity/+page.svelte", "Svelte", 0, 0, 0, 0, 0, 0, 0, 0, 0, 253, 0, 0, 2, 32, 287
"/Users/rob/vsCodeProjects/ProjectZer0/ProjectZer0Frontend/src/routes/graph/quantity/+page.ts", "TypeScript", 0, 0, 0, 0, 34, 0, 0, 0, 0, 0, 0, 0, 4, 6, 44
"/Users/rob/vsCodeProjects/ProjectZer0/ProjectZer0Frontend/src/routes/graph/statement-network/+page.svelte", "Svelte", 0, 0, 0, 0, 0, 0, 0, 0, 0, 530, 0, 0, 4, 80, 614
"/Users/rob/vsCodeProjects/ProjectZer0/ProjectZer0Frontend/src/routes/graph/statement-network/+page.ts", "TypeScript", 0, 0, 0, 0, 12, 0, 0, 0, 0, 0, 0, 0, 1, 2, 15
"/Users/rob/vsCodeProjects/ProjectZer0/ProjectZer0Frontend/src/routes/graph/statement/+page.svelte", "Svelte", 0, 0, 0, 0, 0, 0, 0, 0, 0, 251, 0, 0, 2, 32, 285
"/Users/rob/vsCodeProjects/ProjectZer0/ProjectZer0Frontend/src/routes/graph/statement/+page.ts", "TypeScript", 0, 0, 0, 0, 32, 0, 0, 0, 0, 0, 0, 0, 4, 6, 42
"/Users/rob/vsCodeProjects/ProjectZer0/ProjectZer0Frontend/src/routes/graph/universal/+page.svelte", "Svelte", 0, 0, 0, 0, 0, 0, 0, 0, 0, 1532, 0, 0, 4, 227, 1763
"/Users/rob/vsCodeProjects/ProjectZer0/ProjectZer0Frontend/src/routes/graph/universal/+page.ts", "TypeScript", 0, 0, 0, 0, 0, 0, 0, 0, 0, 0, 0, 0, 0, 1, 1
"/Users/rob/vsCodeProjects/ProjectZer0/ProjectZer0Frontend/src/routes/graph/word/+page.svelte", "Svelte", 0, 0, 0, 0, 0, 0, 0, 0, 0, 266, 0, 0, 2, 34, 302
"/Users/rob/vsCodeProjects/ProjectZer0/ProjectZer0Frontend/src/routes/graph/word/+page.ts", "TypeScript", 0, 0, 0, 0, 32, 0, 0, 0, 0, 0, 0, 0, 4, 6, 42
"/Users/rob/vsCodeProjects/ProjectZer0/ProjectZer0Frontend/src/setupTests.ts", "TypeScript", 0, 0, 0, 0, 26, 0, 0, 0, 0, 0, 0, 0, 4, 6, 36
"/Users/rob/vsCodeProjects/ProjectZer0/ProjectZer0Frontend/static/fonts/Orbitron_ExtraBold.json", "JSON", 1, 0, 0, 0, 0, 0, 0, 0, 0, 0, 0, 0, 0, 0, 1
"/Users/rob/vsCodeProjects/ProjectZer0/ProjectZer0Frontend/static/fonts/Orbitron_Regular.json", "JSON", 1, 0, 0, 0, 0, 0, 0, 0, 0, 0, 0, 0, 0, 0, 1
"/Users/rob/vsCodeProjects/ProjectZer0/ProjectZer0Frontend/svelte.config.js", "JavaScript", 0, 0, 9, 0, 0, 0, 0, 0, 0, 0, 0, 0, 6, 3, 18
"/Users/rob/vsCodeProjects/ProjectZer0/ProjectZer0Frontend/test-results/.last-run.json", "JSON", 4, 0, 0, 0, 0, 0, 0, 0, 0, 0, 0, 0, 0, 0, 4
"/Users/rob/vsCodeProjects/ProjectZer0/ProjectZer0Frontend/tests/test.ts", "TypeScript", 0, 0, 0, 0, 5, 0, 0, 0, 0, 0, 0, 0, 0, 3, 8
"/Users/rob/vsCodeProjects/ProjectZer0/ProjectZer0Frontend/tsconfig-scripts.json", "JSON", 16, 0, 0, 0, 0, 0, 0, 0, 0, 0, 0, 0, 0, 0, 16
"/Users/rob/vsCodeProjects/ProjectZer0/ProjectZer0Frontend/tsconfig.json", "JSON with Comments", 0, 15, 0, 0, 0, 0, 0, 0, 0, 0, 0, 0, 5, 0, 20
"/Users/rob/vsCodeProjects/ProjectZer0/ProjectZer0Frontend/vite.config.ts", "TypeScript", 0, 0, 0, 0, 24, 0, 0, 0, 0, 0, 0, 0, 1, 2, 27
"/Users/rob/vsCodeProjects/ProjectZer0/README.md", "Markdown", 0, 0, 0, 216, 0, 0, 0, 0, 0, 0, 0, 0, 0, 49, 265
"/Users/rob/vsCodeProjects/ProjectZer0/TODO.md", "Markdown", 0, 0, 0, 209, 0, 0, 0, 0, 0, 0, 0, 0, 0, 53, 262
"/Users/rob/vsCodeProjects/ProjectZer0/docs/backend/controller-layer.md", "Markdown", 0, 0, 0, 1482, 0, 0, 0, 0, 0, 0, 0, 0, 0, 418, 1900
"/Users/rob/vsCodeProjects/ProjectZer0/docs/backend/schema-layer.md", "Markdown", 0, 0, 0, 1396, 0, 0, 0, 0, 0, 0, 0, 0, 0, 394, 1790
"/Users/rob/vsCodeProjects/ProjectZer0/docs/backend/service-layer.md", "Markdown", 0, 0, 0, 1434, 0, 0, 0, 0, 0, 0, 0, 0, 0, 407, 1841
"/Users/rob/vsCodeProjects/ProjectZer0/docs/backend/universal-graph-backend.md", "Markdown", 0, 0, 0, 1185, 0, 0, 0, 0, 0, 0, 0, 0, 0, 258, 1443
"/Users/rob/vsCodeProjects/ProjectZer0/docs/frontend/API-cheatsheet.md", "Markdown", 0, 0, 0, 600, 0, 0, 0, 0, 0, 0, 0, 0, 0, 177, 777
"/Users/rob/vsCodeProjects/ProjectZer0/docs/frontend/briefs/investigation-brief.md", "Markdown", 0, 0, 0, 352, 0, 0, 0, 0, 0, 0, 0, 0, 0, 112, 464
"/Users/rob/vsCodeProjects/ProjectZer0/docs/frontend/node-components.md", "Markdown", 0, 0, 0, 759, 0, 0, 0, 0, 0, 0, 0, 0, 9, 192, 960
"/Users/rob/vsCodeProjects/ProjectZer0/docs/frontend/node-implementation-guide.md", "Markdown", 0, 0, 0, 652, 0, 0, 0, 0, 0, 0, 0, 0, 3, 140, 795
"/Users/rob/vsCodeProjects/ProjectZer0/docs/frontend/ui/category-tags.md", "Markdown", 0, 0, 0, 227, 0, 0, 0, 0, 0, 0, 0, 0, 5, 76, 308
"/Users/rob/vsCodeProjects/ProjectZer0/docs/frontend/ui/duel-voting-components.md", "Markdown", 0, 0, 0, 252, 0, 0, 0, 0, 0, 0, 0, 0, 7, 49, 308
"/Users/rob/vsCodeProjects/ProjectZer0/docs/frontend/ui/keyword-tags.md", "Markdown", 0, 0, 0, 343, 0, 0, 0, 0, 0, 0, 0, 0, 9, 105, 457
"/Users/rob/vsCodeProjects/ProjectZer0/docs/frontend/ui/node-metadata.md", "Markdown", 0, 0, 0, 284, 0, 0, 0, 0, 0, 0, 0, 0, 16, 88, 388
"/Users/rob/vsCodeProjects/ProjectZer0/docs/frontend/ui/text-content.md", "Markdown", 0, 0, 0, 334, 0, 0, 0, 0, 0, 0, 0, 0, 6, 91, 431
"/Users/rob/vsCodeProjects/ProjectZer0/docs/frontend/universal-graph-frontend.md", "Markdown", 0, 0, 0, 1142, 0, 0, 0, 0, 0, 0, 0, 0, 6, 243, 1391
"/Users/rob/vsCodeProjects/ProjectZer0/docs/frontend/visibility-system.md", "Markdown", 0, 0, 0, 660, 0, 0, 0, 0, 0, 0, 0, 0, 4, 164, 828
"/Users/rob/vsCodeProjects/ProjectZer0/docs/frontend/voting-system.md", "Markdown", 0, 0, 0, 508, 0, 0, 0, 0, 0, 0, 0, 0, 0, 144, 652
"/Users/rob/vsCodeProjects/ProjectZer0/notes/ProjectZer0Notes.md", "Markdown", 0, 0, 0, 42, 0, 0, 0, 0, 0, 0, 0, 0, 1, 38, 81
"/Users/rob/vsCodeProjects/ProjectZer0/notes/ShellCommands.md", "Markdown", 0, 0, 0, 9, 0, 0, 0, 0, 0, 0, 0, 0, 0, 2, 11
"/Users/rob/vsCodeProjects/ProjectZer0/notes/colour-experiments.md", "Markdown", 0, 0, 0, 94, 0, 0, 0, 0, 0, 0, 0, 0, 0, 31, 125
"/Users/rob/vsCodeProjects/ProjectZer0/notes/curl-api testing.md", "Markdown", 0, 0, 0, 14, 0, 0, 0, 0, 0, 0, 0, 0, 0, 2, 16
"/Users/rob/vsCodeProjects/ProjectZer0/notes/glossary.md", "Markdown", 0, 0, 0, 25, 0, 0, 0, 0, 0, 0, 0, 0, 0, 8, 33
"/Users/rob/vsCodeProjects/ProjectZer0/package-lock.json", "JSON", 53, 0, 0, 0, 0, 0, 0, 0, 0, 0, 0, 0, 0, 1, 54
"/Users/rob/vsCodeProjects/ProjectZer0/package.json", "JSON", 9, 0, 0, 0, 0, 0, 0, 0, 0, 0, 0, 0, 0, 1, 10
"Total", "-", 17891, 36, 262, 12316, 79892, 2, 244, 18, 131, 23035, 3, 69, 11200, 22272, 167371